user,sku,category,query,click_time,query_time
000000df17cd56a5df4a94074e133c9d4739fae3,2125233,abcat0101001,"Televisiones Panasonic  50 pulgadas","2011-09-01 23:44:52.533","2011-09-01 23:43:59.752"
000001928162247ffaf63185cd8b2a244c78e7c6,2009324,abcat0101001,Sharp,"2011-09-05 12:25:37.42","2011-09-05 12:25:01.187"
000017f79c2b5da56721f22f9fdd726b13daf8e8,1517163,pcmcat193100050014,nook,"2011-08-24 12:56:58.91","2011-08-24 12:55:13.012"
000017f79c2b5da56721f22f9fdd726b13daf8e8,2877125,abcat0101001,rca,"2011-10-25 07:18:14.722","2011-10-25 07:16:51.759"
006af5aef3fcafe6ea7883df1eaf3573c8562a68,7342663,cat09000,"lil wayne","2011-09-01 23:31:27.19","2011-09-01 23:30:49.282"
006af5aef3fcafe6ea7883df1eaf3573c8562a68,3088732,abcat0504010,"external harddrive","2011-10-06 23:15:11.246","2011-10-06 23:14:51.564"
006af5aef3fcafe6ea7883df1eaf3573c8562a68,2550437,abcat0907007,"portable air conditioner","2011-10-19 23:11:02.285","2011-10-19 23:10:49.531"
006af5aef3fcafe6ea7883df1eaf3573c8562a68,9773712,abcat0410001,cases,"2011-10-19 23:11:50.687","2011-10-19 23:11:15.154"
006af5aef3fcafe6ea7883df1eaf3573c8562a68,9010474,abcat0801003,metallica,"2011-10-25 22:47:35.216","2011-10-25 22:45:41.339"
006af5aef3fcafe6ea7883df1eaf3573c8562a68,3487232,pcmcat211000050002,metallica,"2011-10-25 22:48:36.305","2011-10-25 22:45:41.339"
006af5aef3fcafe6ea7883df1eaf3573c8562a68,6681708,abcat0916001,dishwasher,"2011-10-25 23:49:20.536","2011-10-25 23:48:52.169"
006af5aef3fcafe6ea7883df1eaf3573c8562a68,2340071,pcmcat209000050007,dishwasher,"2011-10-25 23:50:39.485","2011-10-25 23:48:52.169"
006af5aef3fcafe6ea7883df1eaf3573c8562a68,9660537,pcmcat138100050035,dvi-d,"2011-10-25 23:51:50.801","2011-10-25 23:51:42.232"
006af5aef3fcafe6ea7883df1eaf3573c8562a68,2300417,pcmcat209400050001,"laptop hard drive","2011-10-26 00:44:27.175","2011-10-26 00:40:05.523"
006af5be80f7a455aeac6d362094f92185c6a4bf,2089255,abcat0503002,Router,"2011-10-22 18:03:30.232","2011-10-22 17:59:41.337"
006afbefa234b1b38e885729ba37ff1249cccb54,1303056,abcat0508009,"Microsoft office","2011-10-03 18:22:59.148","2011-10-03 18:22:28.509"
006b14911a22ca90462023d0eef4ab24e665e779,6508558,cat02015,"Curb your enthusiasm","2011-09-18 21:10:53.691","2011-09-18 21:10:26.789"
006b14911a22ca90462023d0eef4ab24e665e779,8640447,cat02015,"Curb your enthusiasm","2011-09-18 21:11:34.396","2011-09-18 21:10:26.789"
006b15d06af3e657f21cd222ea973927f68ab4a3,3266059,pcmcat171900050029,"Htc freestyle cases","2011-10-21 22:24:36.643","2011-10-21 22:23:45.59"
006b188b3eac4a4b1d252b908639654be28f696b,3266923,pcmcat171900050026,"iPhone cord","2011-09-12 22:54:28.307","2011-09-12 22:52:40.649"
006b23929b493fbbcecceff14d2a8aec4d45c649,9755395,pcmcat247400050001,apple,"2011-10-01 10:31:23.982","2011-10-01 10:29:22.052"
006b54d177d17ca0f65f92aeac14a1b89345150b,1623912,pcmcat247400050000,LaborDay_Computers_20110902,"2011-09-03 11:14:50.145","2011-09-03 11:14:47.236"
006b5e2c7d7be7c4ad5e6882aafad52d2d219636,9971251,abcat0703002,Sony,"2011-09-16 11:14:11.99","2011-09-16 11:13:47.012"
006b5e2c7d7be7c4ad5e6882aafad52d2d219636,2355847,abcat0101001,"Sony 60","2011-09-26 14:22:32.286","2011-09-26 14:22:08.69"
006b6e408f39801b83a348dbc35f6a0fcb60248f,3639159,pcmcat209000050008,"motorola xoom","2011-10-16 10:55:26.44","2011-10-16 10:51:50.097"
006b74f3fcd5b9cffdc4b2756f858a5811428609,2762573,pcmcat242000050002,"samsung galaxy 10.1","2011-08-22 00:48:17.206","2011-08-22 00:47:52.236"
006b74f3fcd5b9cffdc4b2756f858a5811428609,2842092,pcmcat209000050008,"hp touch pad","2011-08-22 01:37:30.279","2011-08-22 01:36:43.048"
006b75aa726a751153d74db5a59eb67eed04dc7c,2863978,cat02015,"Lion king","2011-09-22 06:06:16.787","2011-09-22 06:04:39.314"
006b76f81aa211b4eb72a6b0120d90fe301e98e5,9175082,abcat0705001,"Memory Stick PRO Duo","2011-09-22 17:08:48.492","2011-09-22 17:07:35.185"
006b7eb3ccd8c5bcf492c1f7ece6e1ca745b9293,3409672,abcat0503013,Modems,"2011-10-28 20:33:31.12","2011-10-28 20:31:42.051"
006b7eb3ccd8c5bcf492c1f7ece6e1ca745b9293,2088422,abcat0503002,Modems,"2011-10-28 20:33:54.435","2011-10-28 20:31:42.051"
006b7eb3ccd8c5bcf492c1f7ece6e1ca745b9293,9962417,abcat0503013,Modems,"2011-10-28 20:34:39.755","2011-10-28 20:31:42.051"
006b7eb3ccd8c5bcf492c1f7ece6e1ca745b9293,2836657,abcat0503013,Modems,"2011-10-28 20:34:57.434","2011-10-28 20:31:42.051"
006b7eb3ccd8c5bcf492c1f7ece6e1c4e45dd77653619d432482da5673368a313d4a604,2960361,cat02015,t.i.,"2011-10-26 00:15:35.122","2011-10-26 00:14:41.912"
4e45e0282cee0d1d1e2ccde0da64b5620c370f11,9744971,pcmcat166000050027,dvr,"2011-10-15 17:27:29.827","2011-10-15 17:22:34.333"
4e45f4a0b42a2dded9dcc278224161c7051e56a5,9652556,abcat0707002,"nintendo ds games","2011-10-19 22:59:27.72","2011-10-19 22:59:08.129"
4e4607da8d0c32122b7d89a84ca05ef332cb66b5,1145414,abcat0715001,"Xbox360 cable","2011-09-02 14:37:32.014","2011-09-02 14:36:42.528"
4e462b2a0696b7bc5c0208a53bc213ad6d6bd9b6,2127443,abcat0101001,"lcd tv","2011-10-03 18:33:57.236","2011-10-03 18:33:44.853"
4e46361eac8317c91c26aa8de769250e7b06e656,2424392,abcat0401004,Tx10,"2011-09-07 14:39:10.414","2011-09-07 14:37:55.515"
4e464d5fc719fed33b3856dca53b4dc2bdcc1646,9845563,abcat0201011,shuffle,"2011-10-19 23:25:35.694","2011-10-19 23:24:56.514"
4e464e43138ebfdfe2f63b1687da3ae92df6ba51,1946197,pcmcat209000050008,xoom,"2011-10-30 14:56:08.062","2011-10-30 14:55:09.464"
4e464f9d94e48d8984fbfa3dc717a98c5ffb6d55,2339322,pcmcat209000050007,iPad,"2011-09-17 13:12:53.121","2011-09-17 13:12:01.875"
4e4655e1c1a2106b6ea48e69030edf144b39dafd,2636986,abcat0307022,"usb gps antenna","2011-10-02 12:48:13.181","2011-10-02 12:47:47.175"
4e467e5deb24de14358e690d773c31515d0688cc,2343806,pcmcat138100050035,vga,"2011-10-19 21:46:24.616","2011-10-19 21:46:03.405"
4e467fb9a930e40141bf89935168410123bfc830,1257136,pcmcat231700050017,Email,"2011-08-13 15:26:02.895","2011-08-13 15:25:10.061"
4e469eafb6d3453b03b84a292c5fb5402d67f58c,9374125,abcat0703002,"Red dead","2011-09-02 12:40:42.308","2011-09-02 12:40:27.401"
4e46a5deb00be8ee30250b466087309491cd6f2d,2343624,abcat0511002,"wireless printers","2011-10-12 16:55:29.986","2011-10-12 16:53:12.488"
4e46a5deb00be8ee30250b466087309491cd6f2d,9931145,abcat0511004,"wireless printers","2011-10-12 16:56:53.125","2011-10-12 16:53:12.488"
4e46af3f84115ab6ed00d890ae05091f1c4014e0,2375265,abcat0305000,Cobera,"2011-09-22 09:48:39.53","2011-09-22 09:46:45.336"
4e46b12fd9f6c3d074df6f3e0aa73a06b1c78879,1048537,abcat0410020,"Canon filters","2011-10-02 15:25:10.107","2011-10-02 15:24:16.618"
4e46b1bf9dedc6ab064527aa14b687142305d158,2842056,pcmcat209000050008,"hp touchpad","2011-09-15 08:52:47.175","2011-09-15 08:52:14.347"
4e46c2c12690082e48fa5c9f989c14a184134ec3,7388971,cat02607,matrix,"2011-10-19 23:13:02.74","2011-10-19 23:11:49.415"
4e46d93463e4705461f1b1a1e7e5acc4852e9a7d,1997145,pcmcat142900050010,"i pods","2011-10-07 00:08:45.318","2011-10-07 00:08:22.647"
4e46efd9c236e94cd8cae38a5015900b1465508c,8819763,abcat0107040,directv,"2011-10-26 00:28:19.158","2011-10-26 00:27:28.874"
4e46f792b5732bea340c056cb8684862f1ced7a3,9980225,abcat0905001,"Samsung dishwasher","2011-10-25 11:45:42.112","2011-10-25 11:45:22.543"
4e471eac7ca2916f655efdf055dfd8987437655c,5878963,abcat0410029,"dvd case","2011-10-26 00:17:12.595","2011-10-26 00:15:42.527"
4e4726b3e99e68fafa5409c6c7cdea28ff09c95d,2842092,pcmcat209000050008,"hp touch pad","2011-08-22 23:27:31.41","2011-08-22 23:27:03.723"
4e473c7c188680eb81829844b000698d69a7f01e,8698787,abcat0205009,"Rocketfish wireless","2011-09-24 15:43:15.096","2011-09-24 15:42:27.187"
4e473c7c188680eb81829844b000698d69a7f01e,2053245,pcmcat186600050004,"Rocketfish wireless","2011-09-24 15:45:07.589","2011-09-24 15:42:27.187"
4e4742a4c09f983e24d1cbc8f0847185d18706e0,9911636,pcmcat232900050029,"console xbox 360","2011-10-02 15:26:26.872","2011-10-02 15:24:32.394"
4e4742a4c09f983e24d1cbc8f0847185d18706e0,1162439,abcat0701001,"console xbox 360","2011-10-02 15:27:43.224","2011-10-02 15:24:32.394"
4e4743fbed1f3defd5a79be01925979007f3e257,6830842,abcat0201007,"itunes gift","2011-10-22 13:23:09.097","2011-10-22 13:22:57.297"
4e47452a82fc773dd0a3b985ca600aa1a8ccb0dc,3270143,pcmcat159300050003,"microsoft office 2007","2011-10-25 23:59:17.907","2011-10-25 23:58:58.763"
4e4760a60e7246ef95b3065a93bd7e7c97b8202e,7936503,cat02015,"The pianist","2011-08-26 17:15:11.792","2011-08-26 17:14:39.542"
4e4760a60e7246ef95b3065a93bd7e7c97b8202e,1219686,abcat0701001,1219686,"2011-09-05 06:27:29.978","2011-09-05 06:26:58.917"
4e4783496462e7b87efef8fa05d1ad5ffc7f8a29,1623093,abcat0801003,"ethernet card","2011-10-25 23:18:30.388","2011-10-25 23:17:42.058"
4e478db3c1dce68bdd29a58b1bfdadc6758a234e,1974633,abcat0715016,3ds,"2011-10-09 06:37:18.73","2011-10-09 06:34:43.302"
4e4792876808fc3e055562a234ae836cc15d2f42,2987072,pcmcat196400050015,"Smooth top white electric range","2011-10-14 09:53:13.719","2011-10-14 09:51:01.475"
4e47936ac9ae8cc38423b42547510a2f2165d8a8,1347887,pcmcat158900050018,Tv,"2011-08-14 01:17:23.08","2011-08-14 01:13:21.479"
4e479ca15c7d955823d227495e7c4ac2aaa2e5c1,1170999,cat02015,"Lord of the rings","2011-09-09 03:18:24.313","2011-09-09 03:16:06.925"
4e47a73b4cc62f53def777129a5007891b02d3b7,9539298,abcat0301014,"Garmin lifetime map updates","2011-09-07 07:56:58.919","2011-09-07 07:54:40.254"
4e47aee455ef4ab19ed7ac61cfd8ce20ddc81c85,2193408,pcmcat171900050023,notebook,"2011-10-25 23:28:51.09","2011-10-25 23:28:23.785"
4e47b216629ba4980236ac2edfbc324a6f621b8a,9999163600050003,pcmcat212600050011,"hp printer","2011-09-01 22:53:51.782","2011-09-01 22:53:28.577"
4e47b216629ba4980236ac2edfbc324a6f621b8a,7802844,abcat0410012,sd800is,"2011-09-21 22:58:04.799","2011-09-21 22:57:58.658"
4e47b216629ba4980236ac2edfbc324a6f621b8a,1229055,abcat0508025,photoshop,"2011-10-20 00:08:39.01","2011-10-20 00:08:12.064"
4e47b216629ba4980236ac2edfbc324a6f621b8a,9388833,abcat0205004,photoshop,"2011-10-20 00:09:59.754","2011-10-20 00:08:12.064"
4e47b216629ba4980236ac2edfbc324a6f621b8a,3086228,pcmcat187300050022,transformers,"2011-10-20 00:10:54.599","2011-10-20 00:10:26.39"
4e47b216629ba4980236ac2edfbc324a6f621b8a,7772225,abcat0903004,transformers,"2011-10-20 00:15:11.511","2011-10-20 00:10:26.39"
4e47b216629ba4980236ac2edfbc324a6f621b8a,9230548,abcat0307017,"power cord","2011-10-25 22:48:53.943","2011-10-25 22:47:04.186"
4e47b216629ba4980236ac2edfbc324a6f621b8a,8385669,cat02724,"nancy drew","2011-10-25 22:49:27.596","2011-10-25 22:49:10.518"
4e47b216629ba4980236ac2edfbc324a6f621b8a,7662095,cat09000,"nancy drew","2011-10-25 22:50:41.795","2011-10-25 22:49:10.518"
4e47b216629ba4980236ac2edfbc324a6f621b8a,2173065,abcat0701003,xbox360,"2011-10-26 00:38:00.475","2011-10-26 00:37:49.418"
4e47b216629ba4980236ac2edfbc324a6f621b8a,9383115,cat09000,xbox360,"2011-10-26 00:39:14.524","2011-10-26 00:37:49.418"
4e47b216629ba4980236ac2edfbc324a6f621b8a,9948357,pcmcat189600050009,xbox360,"2011-10-26 00:40:49.7","2011-10-26 00:37:49.418"
4e47b216629ba4980236ac2edfbc324a6f621b8a,2300417,pcmcat209400050001,xbox360,"2011-10-26 00:42:46.894","2011-10-26 00:37:49.418"
4e47c62dfc77632f46a893e3e247131d329fbe76,3061302,abcat0703001,"Play station","2011-08-26 18:55:12.871","2011-08-26 18:54:16.565"
4e47cd362e06a7c3f8aaf4ef5701c20452f9c7cb,9498386,abcat0208011,Sounddock,"2011-10-30 01:29:05.772","2011-10-30 01:26:42.03"
4e47d1cc89bf61c1095704051953c8612a0f9a04,1623912,pcmcat247400050000,"hp laptops","2011-09-09 15:38:30.919","2011-09-09 15:37:52.635"
4e47d1cc89bf61c1095704051953c8612a0f9a04,2715258,pcmcat247400050000,"hp laptops","2011-09-09 15:38:42.035","2011-09-09 15:37:52.635"
4e47d8b33dea6f697df0dde2c0093d48f12b8419,2577561,abcat0513001,"logitech m315","2011-09-28 11:00:19.211","2011-09-28 10:59:21.482"
4e47dd3fa4945a196ab58f0fe5c46b0e1fcb8c41,2633112,pcmcat212600050008,"HP Palilion Slimline desktop","2011-08-24 20:50:30.032","2011-08-24 20:49:57.433"
4e47dd88ec61a8403aaa964b37d27da09bd53590,8192699,abcat0410012,"nikon d80","2011-10-25 23:18:43.869","2011-10-25 23:18:11.184"
4e47eea0d39d770a0d313e76435ab3e3f5d4fd2b,2842092,pcmcat209000050008,"computer memory","2011-09-01 22:28:08.075","2011-09-01 22:28:01.096"
4e47eea0d39d770a0d313e76435ab3e3f5d4fd2b,9916464,pcmcat209400050001,"computer memory","2011-09-01 22:29:25.742","2011-09-01 22:28:01.096"
4e47eea0d39d770a0d313e76435ab3e3f5d4fd2b,2173144,abcat0102008,blu-ray,"2011-09-01 23:30:10.399","2011-09-01 23:29:47.217"
4e47eea0d39d770a0d313e76435ab3e3f5d4fd2b,9206511,pcmcat174700050005,"microsoft office 2003","2011-09-01 23:31:52.972","2011-09-01 23:31:37.64"
4e47eea0d39d770a0d313e76435ab3e3f5d4fd2b,9100652,cat02015,megadeth,"2011-09-01 23:33:40.136","2011-09-01 23:33:21.38"
4e47eea0d39d770a0d313e76435ab3e3f5d4fd2b,2180517,cat02015,megadeth,"2011-09-01 23:34:58.153","2011-09-01 23:33:21.38"
4e47eea0d39d770a0d313e76435ab3e3f5d4fd2b,2738295,abcat0404004,microsd,"2011-10-19 23:20:58.083","2011-10-19 23:20:35.862"
4e47eea0d39d770a0d313e76435ab3e3f5d4fd2b,8593774,abcat0914000,microsd,"2011-10-19 23:23:09.435","2011-10-19 23:20:35.862"
4e47eea0d39d770a0d313e76435ab3e3f5d4fd2b,8174263,pcmcat232900050017,sopranos,"2011-10-20 00:25:08.584","2011-10-20 00:24:15.571"
4e47eea0d39d770a0d313e76435ab3e3f5d4fd2b,1303083,abcat0508009,"office 2003","2011-10-20 00:26:39.273","2011-10-20 00:26:13.655"
4e47eea0d39d770a0d313e76435ab3e3f5d4fd2b,3677063,cat02702,joe,"2011-10-25 21:17:50.449","2011-10-25 21:17:26.145"
4e47eea0d39d770a0d313e76435ab3e3f5d4fd2b,8234092,cat09000,joe,"2011-10-25 21:19:12.384","2011-10-25 21:17:26.145"
4e47eea0d39d770a0d313e76435ab3e3f5d4fd2b,2193408,pcmcat171900050023,"power supply","2011-10-25 21:19:50.417","2011-10-25 21:19:32.895"
4e47eea0d39d770a0d313e76435ab3e3f5d4fd2b,2300417,pcmcat209400050001,esata,"2011-10-25 21:48:22.982","2011-10-25 21:44:58.264"
4e47eea0d39d770a0d313e76435ab3e3f5d4fd2b,1990451,pcmcat214700050000,"i phone","2011-10-25 23:05:25.38","2011-10-25 23:04:18.365"
4e47eea0d39d770a0d313e76435ab3e3f5d4fd2b,3612838,pcmcat222900050021,"i phone","2011-10-25 23:07:26.591","2011-10-25 23:04:18.365"
4e47eea0d39d770a0d313e76435ab3e3f5d4fd2b,3597874,abcat0811003,security,"2011-10-25 23:11:12.116","2011-10-25 23:10:25.01"
4e47eea0d39d770a0d313e76435ab3e3f5d4fd2b,9383115,cat09000,"linksys router","2011-10-25 23:59:29.183","2011-10-25 23:56:52.382"
4e47eea0d39d770a0d313e76435ab3e3f5d4fd2b,1344344,pcmcat232900050017,shuffle,"2011-10-26 00:00:02.176","2011-10-25 23:59:38.354"
4e47eea0d39d770a0d313e76435ab3e3f5d4fd2b,9892463,abcat0302037,subwoofer,"2011-10-26 00:48:21.982","2011-10-26 00:48:00.481"
4e47eea0d39d770a0d313e76435ab3e3f5d4fd2b,9249823,pcmcat241300050035,"james bond","2011-10-26 00:50:16.975","2011-10-26 00:49:03.728"
4e4831af2ec8bf7b0f7d3a7359e872d015b3946f,9422369,pcmcat144700050004,klipsch,"2011-09-26 10:26:53.731","2011-09-26 10:26:39.003"
4e48476dd6a059390e7cc7b2d505f344e81aaf67,7885817,pcmcat196400050016,"Slide in range","2011-10-29 15:40:29.848","2011-10-29 15:39:09.274"
4e484e8d2f429bc048f5e4760cf247daa7202bd4,3303069,pcmcat248500050020,"wii game system","2011-10-19 23:31:56.752","2011-10-19 23:31:44.456"
4e4859e4ff92d00f2081db8a8fc4e293bf38f074,9929459,cat02015,"rescue me","2011-10-13 12:03:23.377","2011-10-13 12:03:15.437"
4e485e21600919dcbe3ceace7953e1fa3e2064f9,3336831,abcat0202001,"car cd dvd player","2011-10-12 09:18:59.858","2011-10-12 09:18:47.153"
4e485e21600919dcbe3ceace7953e1fa3e2064f9,1981026,abcat0301002,"car cd dvd player","2011-10-12 09:21:04.011","2011-10-12 09:18:47.153"
4e487dbff38d0dea01f0ea8b435e71fc958b3572,2480366,abcat0107040,"universal remote","2011-10-20 00:25:36.706","2011-10-20 00:24:58.445"
4e48818726b0afd5d0a0e7f1bffabdd6fbda5bfa,1309078,pcmcat209700050013,"anti virus","2011-08-15 21:23:00.452","2011-08-15 21:20:53.038"
4e48824eba51975070d619ff6435f2df573fccdb,2473044,abcat0106001,"Tv stand","2011-09-27 22:14:42.257","2011-09-27 22:13:45.853"
4e48824eba51975070d619ff6435f2df573fccdb,1072343,abcat0106001,"Tv stand","2011-09-27 22:16:35.356","2011-09-27 22:13:45.853"
4e48824eba51975070d619ff6435f2df573fccdb,9276106,abcat0106001,"Tv stand","2011-09-27 22:18:01.542","2011-09-27 22:13:45.853"
4e48975c27344cf78af66a1b3c255e270542c9e7,9023095,pcmcat156400050037,cybershot,"2011-10-19 22:14:35.37","2011-10-19 22:14:04.845"
4e489a93fab13e17c614a027db3b0e13768b2afc,3158734,pcmcat230800050019,"Sony wireless headset","2011-09-05 13:57:57.895","2011-09-05 13:57:40.184"
4e48a4ccedd64ab9575acde753e4bff9e579d90f,2843037,abcat0101001,2843037,"2011-10-30 15:15:33.603","2011-10-30 15:15:23.861"
4e48a4ccedd64ab9575acde753e4bff9e579d90f,2257682,abcat0101001,2257682,"2011-10-30 15:20:44.791","2011-10-30 15:20:37.697"
4e48bda654561173206289e56be5e4831a92c519,2052088,pcmcat167300050040,"samsung sound bar","2011-10-31 00:45:11.566","2011-10-31 00:44:01.378"
4e48c02087bc9cd76db9a9e762eba302ef6243dc,9530199,pcmcat194500050006,"Sirius raido","2011-08-16 22:49:31.181","2011-08-16 22:45:52.601"
4e48c4de14531eb136780b6582dc0b0df567e695,1168955,pcmcat209400050001,"Epic touch 4g","2011-09-16 08:54:32.527","2011-09-16 08:54:03.11"
4e48cca6ec02318610002d637553c928f0f30c75,9497699,abcat0911006,"Vacuum clearner","2011-09-02 06:02:18.903","2011-09-02 06:01:31.033"
4e48cca6ec02318610002d637553c928f0f30c75,1208459,pcmcat144000050001,"iPod classic","2011-09-08 10:45:40.35","2011-09-08 10:44:55.674"
4e48cf26516eb7d57a7c244d64275d63b3a1cd23,2634175,pcmcat200200050000,310-1125y,"2011-10-01 14:14:19.065","2011-10-01 14:14:09.367"
4e48d8f65831f62048422e3fdf2c215f32a2e366,2805092,pcmcat247400050000,Laptops,"2011-10-01 17:13:04.396","2011-10-01 17:10:16.073"
4e48e7af49d302c14580b08d333d160efb45b80c,3133099,pcmcat214700050000,Lifeproof,"2011-10-10 19:26:53.328","2011-10-10 19:26:07.153"
4e48ea9261139ed1a9187f96a0488bbc46c941a5,9819884,pcmcat144700050004,"beats by dre","2011-10-30 23:19:15.851","2011-10-30 23:16:01.791"
4e48ec2e5d3a7f54ab611490b6e36c29a2eb4c9b,2821558,pcmcat247400050000,"hp dv6","2011-09-16 14:54:53.356","2011-09-16 14:53:37.026"
4e48fb7d2f490d3655621cbc5e2d0850bfffd0b5,9419621,abcat0912025,"wine enthusiasts","2011-09-24 18:19:19.986","2011-09-24 18:18:53.948"
4e48fd430730e981a3dccd799b4e461b3140061e,2817149,pcmcat247400050000,Lenovo,"2011-09-08 16:42:45.225","2011-09-08 16:41:53.866"
4e48fd430730e981a3dccd799b4e461b3140061e,3140113,abcat0508050,Parallels,"2011-10-26 19:18:15.591","2011-10-26 19:17:57.083"
4e48fd430730e981a3dccd799b4e461b3140061e,9359892,abcat0506001,"DDR sdram","2011-10-28 19:21:44.795","2011-10-28 19:21:05.634"
4e4907e9f21c8d3e68cbfb4258d0c7e745a153ba,2319197,pcmcat218000050000,ipad,"2011-10-07 16:23:49.181","2011-10-07 16:22:23.093"
4e490b77564f6062883cd94064adca89aca12795,1255905,cat02015,"Nightmare before Christmas","2011-09-09 22:40:45.319","2011-09-09 22:39:50.935"
4e490c0a2dcd67470e993dbab7108e8cb629096e,9811982,pcmcat223500050006,Printers,"2011-10-08 20:55:29.722","2011-10-08 20:54:00.075"
4e4914cdad9ec352739cab94258655755d273f5a,1222817,pcmcat186400050004,Dslr,"2011-09-25 21:01:47.356","2011-09-25 20:59:41.999"
4e49537fa3cccee7c000f19dce368e3b137a339c,2754052,pcmcat164200050013,LaborDay_Computers_20110902,"2011-09-03 15:12:44.032","2011-09-03 15:08:30.967"
4e49537fa3cccee7c000f19dce368e3b137a339c,2560082,pcmcat247400050000,LaborDay_Computers_20110902,"2011-09-03 15:12:48.699","2011-09-03 15:08:30.967"
4e4953d58bfb3b57392c9cf2ca2ffeea44da2c0a,3142315,cat02015,"Fast five DVD","2011-10-08 19:01:48.451","2011-10-08 19:00:37.195"
4e495b1b31d33a54f50a4dd8c7bb6f7b24cbb417,1689173,abcat0507011,Firewire,"2011-09-09 14:21:36.703","2011-09-09 14:21:07.973"
4e495b70f11e3e444ce71fc2e94c576da1a4cab2,8350802,abcat0503010,"Pci wireless card","2011-09-22 19:25:48.79","2011-09-22 19:23:38.907"
4e495b70f11e3e444ce71fc2e94c576da1a4cab2,6825457,abcat0503010,"Pci wireless card","2011-09-22 19:26:20.199","2011-09-22 19:23:38.907"
4e495f37c3df08c84f7d951e85a842db3e8129ad,3118197,pcmcat171900050028,Marley,"2011-09-06 11:54:53.079","2011-09-06 11:54:35.827"
4e49621a22d40816be10df568d39abb343e117c2,2024814,pcmcat209400050001,iphones,"2011-09-26 14:43:16.544","2011-09-26 14:40:22.231"
4e4969186ee35b5fcf0a5bca3fd108419c6a6837,1049236,pcmcat209400050001,"Iphone 4","2011-10-05 21:27:13.28","2011-10-05 21:26:05.259"
4e4974f7ec8b31cafa37c17361d3c36299bd0a7c,3230883,cat02015,wwe,"2011-10-19 23:24:58.854","2011-10-19 23:24:34.28"
4e4988d1813578e6f640ed1223fefff4a53ba970,9246862,pcmcat246100050002,"bluetooth earphones","2011-10-14 20:16:43.005","2011-10-14 20:16:16.065"
4e498bde86fa56874000405f080a870899e08a44,2613118,abcat0707002,"star fox","2011-09-09 07:53:56.34","2011-09-09 07:53:43.068"
4e498ebbdcce64425bc15983170e2716256e1469,3441067,pcmcat247400050000,OnlineMidnightSale_Computers_Tablets,"2011-10-26 23:07:32.592","2011-10-26 23:05:21.237"
4e4990e8e089f0c9c630896cb4d637d78782c851,9612947,abcat0513004,kensington,"2011-10-26 00:28:08.379","2011-10-26 00:27:50.719"
4e49915ff4b10e91936a86f57768084842b311b7,1272483,abcat0701012,"xbox live","2011-10-26 00:23:30.558","2011-10-26 00:22:44.385"
4e49aaa64c02fa0916100dc6fdcd4f12241e7d0f,2893174,abcat0101001,"lcd tv","2011-10-29 15:17:06.378","2011-10-29 15:17:02.324"
4e49b5a6a79112e418f6ba675845d7c38a341632,2044104,abcat0401004,"Canon powershot","2011-08-20 16:08:55.431","2011-08-20 16:07:57.18"
4e49b5a6a79112e418f6ba675845d7c38a341632,1218369,abcat0401002,"Canon powershot","2011-08-20 16:09:31.172","2011-08-20 16:07:57.18"
4e49b5a6a79112e418f6ba675845d7c38a341632,2030078,abcat0401004,"Canon powershot","2011-08-22 17:07:27.215","2011-08-22 17:06:13.248"
4e49e927efecfdc6deb30bde823baaf981405065,1155475,pcmcat171900050029,"iPhone cases","2011-09-26 06:33:41.498","2011-09-26 06:32:31.937"
4e49e927efecfdc6deb30bde823baaf981405065,9347389,pcmcat171900050029,"iPhone cases","2011-09-26 06:36:03.412","2011-09-26 06:32:31.937"
4e49e927efecfdc6deb30bde823baaf981405065,1259365,pcmcat183800050006,"MacBook battery","2011-10-13 17:15:59.57","2011-10-13 17:15:43.476"
4e49ebd6eb1495460859e9805a418c0c1895ea74,2138389,abcat0101001,40e210u,"2011-09-05 18:01:43.234","2011-09-05 18:01:24.324"
4e49edb8c8f7fe507c6cd14f8238b8c964ba2dfe,3133099,pcmcat214700050000,"Iifeproof iPhone","2011-10-16 20:14:21.609","2011-10-16 20:14:16.762"
4e49f81fbfde4d1e704a28e4a3c68b517c54bcec,6736446,cat02015,"Watcher in the woods","2011-10-25 17:06:19.59","2011-10-25 17:06:09.781"
4e4a05d7f04f9524f87e88ed802a8cf44f9a8b84,2658068,pcmcat212600050008,Mac,"2011-10-28 01:58:25.087","2011-10-28 01:56:29.381"
4e4a0d111277fbd53a280823337f3e6ea3b6368c,9320273,pcmcat238900050004,"Computer table","2011-10-16 20:35:14.205","2011-10-16 20:34:53.259"
4e4a21ddbcce30cec13c96bd5eef1a45620ac722,9840213,cat02015,"Leap year","2011-09-14 20:23:19.593","2011-09-14 20:22:52.027"
4e4a26f2f94a9cc2397a79ea637b16cd4ce2f490,2636067,cat02015,Scarface,"2011-09-06 08:51:46.066","2011-09-06 08:51:23.819"
4e4a26f2f94a9cc2397a79ea637b16cd4ce2f490,9744971,pcmcat166000050027,Tvo,"2011-09-08 15:19:49.945","2011-09-08 15:19:27.734"
4e4a38719cc10d65417b56cc6fc4b90996cd9771,2863978,cat02015,"Beauty and the beast","2011-08-17 23:50:38.092","2011-08-17 23:49:33.923"
4e4a38719cc10d65417b56cc6fc4b90996cd9771,1229522,abcat0508030,Ancestry,"2011-08-23 12:35:54.873","2011-08-23 12:35:24.26"
4e4a38719cc10d65417b56cc6fc4b90996cd9771,2466148,cat02015,"Toy story","2011-08-23 13:15:50.585","2011-08-23 13:15:18.922"
4e4a38719cc10d65417b56cc6fc4b90996cd9771,1591279,cat02015,Shrek,"2011-09-19 02:19:08.714","2011-09-19 02:18:53.679"
4e4a38719cc10d65417b56cc6fc4b90996cd9771,1591349,cat02015,Shrek,"2011-09-19 02:19:44.706","2011-09-19 02:18:53.679"
4e4a38719cc10d65417b56cc6fc4b90996cd9771,3166193,abcat0107012,VHS,"2011-10-24 12:52:12.204","2011-10-24 12:51:10.262"
4e4a39de6d437bb823041883995fc24ddab50e8e,7000951,cat02185,"x box","2011-09-21 23:23:39.588","2011-09-21 23:23:19.334"
4e4a4a30dfd9b98e08bd9201ff893b1da0d896ec,2125233,abcat0101001,"720p 50 inch plasma HDTV","2011-10-01 02:50:25.02","2011-10-01 02:46:06.317"
4e4a4acbecfce474a222c086bf016e1cbede630b,2052149,pcmcat167300050040,"Home system","2011-09-29 08:39:18.847","2011-09-29 08:37:54.038"
4e4a78e6904458210e563722ab556edd15ad6639,3104149,pcmcat247400050000,"Dell i7","2011-10-30 12:06:03.959","2011-10-30 12:05:53.795"
4e4a79727718b2c497f091ec0e840d78ea5e873a,1945531,pcmcat209000050007,"iPad 1","2011-09-11 17:28:29.464","2011-09-11 17:28:04.321"
4e4a9a2b9b4a962ce490c161fdc1d049352221eb,9201106,abcat0703002,"ps3 games","2011-09-04 20:20:21.303","2011-09-04 20:17:25.462"
4e4aa542e475f5be3d27b32ee2a8f116e282c260,1854151,pcmcat143200050016,televisions,"2011-10-26 00:30:53.036","2011-10-26 00:29:50.087"
4e4ab435b17b990ba9838185c71dfb5e3fda58dd,2809771,pcmcat209000050008,"samsung galaxy","2011-09-17 13:56:08.677","2011-09-17 13:55:54.994"
4e4ab72c73d9781c2c373e1b7ad8eae9b2f0b280,9845563,abcat0201011,"apple ipod shuffle","2011-10-26 22:19:03.165","2011-10-26 22:18:31.998"
4e4ac68a04fe4a692544703449e7fb03a6a2f2b1,2431892,pcmcat158400050073,"virgin mobile","2011-08-18 15:05:16.347","2011-08-18 15:03:49.066"
4e4ad24b5e86d62f68078965764118695c07f779,3779467,cat02015,"dream theater","2011-10-25 23:52:21.05","2011-10-25 23:52:00.032"
4e4ae851437d920dbf59d7ebdcbc14381e35a107,2768674,pcmcat172600050005,cpu,"2011-10-26 00:38:30.549","2011-10-26 00:37:21.899"
4e4aefa03f8b6f20f03a56d8b31793004f99b64e,1254402,abcat0511004,Scanner,"2011-09-30 13:04:44.073","2011-09-30 13:02:27.731"
4e4b02465f18f6a8a07cae9898b4e1427a87bafd,2384035,abcat0811003,"Apple tv","2011-10-31 09:04:16.8","2011-10-31 09:02:52.875"
4e4b02465f18f6a8a07cae9898b4e1427a87bafd,1331156,pcmcat128700050041,"Apple tv","2011-10-31 09:05:09.19","2011-10-31 09:02:52.875"
4e4b02465f18f6a8a07cae9898b4e1427a87bafd,3440086,pcmcat224000050003,"Iphone remote","2011-10-31 09:29:56.651","2011-10-31 09:28:53.24"
4e4b1a9e4b79b4e80bc38ca1c4c34ea43b1bf652,3268612,pcmcat171900050029,"htc sensation","2011-09-07 23:06:43.678","2011-09-07 23:04:30.337"
4e4b1a9e4b79b4e80bc38ca1c4c34ea43b1bf652,9902392,abcat0703002,"call of duty","2011-09-08 16:28:24.723","2011-09-08 16:27:39.959"
4e4b37bdd41081d1c9c615090316b445acc30a8b,2817361,pcmcat247400050000,"Alien wear laptop","2011-08-17 23:09:51.27","2011-08-17 23:06:27.94"
4e4b3f2ab942e5d9170875e48fced43b5355f0c0,9894213,pcmcat223300050038,"kicker subs","2011-10-03 09:00:32.92","2011-10-03 08:59:22.339"
4e4b3f2ab942e5d9170875e48fced43b5355f0c0,1752066,pcmcat223300050038,"kicker l3","2011-10-05 08:43:00.266","2011-10-05 08:41:25.547"
4e4b496a0bbac9442add2ffa5132ec028a8609d2,8732794,pcmcat171900050028,"car speakers","2011-10-18 10:17:53.826","2011-10-18 10:17:44.33"
4e4b496a0bbac9442add2ffa5132ec028a8609d2,1752039,abcat0302013,"car speakers","2011-10-18 10:22:38.373","2011-10-18 10:17:44.33"
4e4b4a14b2c06a53150651973336f9a4788f611e,3566948,pcmcat209400050001,iPhone,"2011-10-09 15:27:58.996","2011-10-09 15:27:00.237"
4e4b4a14b2c06a53150651973336f9a4788f611e,3487784,pcmcat209400050001,iPhone,"2011-10-09 15:30:11.198","2011-10-09 15:27:00.237"
4e4b4c36203d912127d9be6fbbf34e6df5995d11,2549953,pcmcat162100050040,"Motorola Triumph","2011-09-17 09:34:01.789","2011-09-17 09:33:51.458"
4e4b4e6c77e4e7f61e8625ed71545b5991ca58da,2380794,abcat0513001,keyboard,"2011-10-26 00:00:10.534","2011-10-25 23:58:40.243"
4e4b593f4a581cfc4df60527945dfd9807297577,3201566,cat02015,"Star Wars","2011-09-11 10:27:08.205","2011-09-11 10:26:23.297"
4e4b593f4a581cfc4df60527945dfd9807297577,2550164,cat02015,"Star Wars","2011-09-11 10:27:30.335","2011-09-11 10:26:23.297"
4e4b652915ed458516cd62a014b3eb935695dbf7,9927018,abcat0301014,340tm,"2011-10-29 21:49:58.133","2011-10-29 21:48:59.721"
4e4b6ff122fd5e8014793e76729318739d47b1f1,2794165,pcmcat247400050000,"Sony vaio","2011-08-27 20:36:58.184","2011-08-27 20:36:45.38"
4e4b6ff122fd5e8014793e76729318739d47b1f1,3519969,pcmcat247400050000,"Sony vaio","2011-10-21 12:18:19.976","2011-10-21 12:18:00.728"
4e4b715306f865b40592d832dccd1ac3677b1306,2565397,pcmcat232900050017,gamecube,"2011-10-19 21:32:26.094","2011-10-19 21:31:50.159"
4e4b81cb193a59d565e150088e0a2a584043aa63,9734375,abcat0102006,vhs,"2011-09-14 15:47:52.594","2011-09-14 15:46:05.836"
4e4b854e1903d206f2e8fbecf9ceb33e1f170ffd,1235001,abcat0102003,netflix,"2011-10-21 23:54:21.99","2011-10-21 23:53:22.014"
4e4ba2421f86b0e077b43a25ce11aff62c2fa4d0,9783172,abcat0807005,"hp 940","2011-08-31 16:11:46.327","2011-08-31 16:10:38.488"
4e4ba2421f86b0e077b43a25ce11aff62c2fa4d0,9598027,abcat0807005,"hp 940","2011-08-31 16:13:48.475","2011-08-31 16:10:38.488"
4e4bb33c0cfc74107b0c845d9507add69887c312,2856465,abcat0701009,"madden 12","2011-08-30 11:17:44.478","2011-08-30 11:16:49.058"
4e4bba27076161583fabfdca91ba4ce74e9e060b,9191821,abcat0715008,"network cable","2011-10-06 23:04:43.63","2011-10-06 23:04:31.678"
4e4bcdb28cc7e0721ea087d47221c53bea27de79,9505387,cat02015,"South park blu ray","2011-09-23 09:32:13.396","2011-09-23 09:31:53.72"
4e4bd611aa26526aad55deae886cdc1c9804a771,1807039,pcmcat200900050014,"monitor hd","2011-09-19 11:43:54.74","2011-09-19 11:43:45.354"
4e4bf31cfe778821ec37c4f0f887cda62a00c4c3,8920457,pcmcat174700050005,"Sims 2","2011-09-02 13:19:19.406","2011-09-02 13:16:58.293"
4e4c0e0d3878a63974ef97380c531ae628ad060a,1155475,pcmcat171900050029,iPhone,"2011-08-11 21:40:41.487","2011-08-11 21:36:41.745"
4e4c1046ffa6f106ecb7b32bf0724f264db2eae1,9719985,pcmcat232900050017,"heavnly sword","2011-09-03 02:22:52.082","2011-09-03 02:22:48.543"
4e4c239590ed2743e412f0ff342e4e0daba53683,1150586,abcat0403004,SummerSale_CameraCamcorder_20110826,"2011-08-27 21:04:37.157","2011-08-27 21:03:10.896"
4e4c2474fe8a2fe37e377e2ad23d8d9b08df71d4,9151687,abcat0107004,"Tv antena","2011-10-23 21:11:21.738","2011-10-23 21:10:03.162"
4e4c256cd7e3d4cf5a709a8e1d36918562a75e40,1800142,abcat0205007,"Panasonic soundbar","2011-09-03 19:53:58.443","2011-09-03 19:53:29.262"
4e4c4150a21dcbfd7ba7fb4ea7ce601c7b4283dc,3590335,pcmcat247400050000,OnlineMidnightSale_Computers_Tablets,"2011-10-26 09:34:09.666","2011-10-26 09:33:29.967"
4e4c4aa379af0903767e6d340c78ad9a8c2e7471,4724917,abcat0409001,binoculars,"2011-09-21 23:03:52.458","2011-09-21 23:03:40.774"
4e4c4aa379af0903767e6d340c78ad9a8c2e7471,9238602,abcat0707002,"price match","2011-09-21 23:04:16.45","2011-09-21 23:04:08.683"
4e4c4aa379af0903767e6d340c78ad9a8c2e7471,1633364,abcat0307023,"ipod cases","2011-10-25 22:00:17.608","2011-10-25 21:59:47.949"
4e4c4aa379af0903767e6d340c78ad9a8c2e7471,1181825,cat02015,csi,"2011-10-25 22:03:20.963","2011-10-25 22:02:37.918"
4e4c4aa379af0903767e6d340c78ad9a8c2e7471,1260591,abcat0515022,"pc games","2011-10-25 23:26:08.219","2011-10-25 23:25:31.958"
4e4c4aa379af0903767e6d340c78ad9a8c2e7471,19571833,cat02009,kensington,"2011-10-25 23:26:50.69","2011-10-25 23:26:31.336"
4e4c4aa379af0903767e6d340c78ad9a8c2e7471,8954232,cat09000,kensington,"2011-10-25 23:28:21.354","2011-10-25 23:26:31.336"
4e4c4aa379af0903767e6d340c78ad9a8c2e7471,9503138,cat02015,lg,"2011-10-26 00:19:18.549","2011-10-26 00:17:33.344"
4e4c4aa379af0903767e6d340c78ad9a8c2e7471,1217779,cat09000,lg,"2011-10-26 00:20:27.755","2011-10-26 00:17:33.344"
4e4c4c9a4ded35a681fa154a992deeb5c552bde7,1486809,abcat0201010,archos,"2011-08-31 18:39:45.714","2011-08-31 18:38:20.711"
4e4c558e2357954913af543138cafde5bb932bc7,8939839,abcat0107004,"hdtv antenna","2011-10-29 09:21:38.368","2011-10-29 09:19:37.656"
4e4c61376f9c6deb621573dbb0b93b6619643225,2355204,abcat0101001,"Lg 55 3d","2011-08-23 09:46:29.342","2011-08-23 09:46:01.022"
4e4c61c5c08c0a4cd6d193a851d7a3b22d3c0a97,2863101,pcmcat232700050011,Kinect,"2011-09-15 00:30:51.774","2011-09-15 00:29:41.007"
4e4c61c5c08c0a4cd6d193a851d7a3b22d3c0a97,1036858,abcat0715002,Kinect,"2011-09-15 00:31:34.184","2011-09-15 00:29:41.007"
4e4c6f6abbd137eeea250c54abee35f94b35c13c,1097948,cat02009,"canon powershot","2011-09-01 23:12:33.742","2011-09-01 23:10:49.802"
4e4c6f6abbd137eeea250c54abee35f94b35c13c,8234449,abcat0206002,"canon powershot","2011-09-01 23:14:12.522","2011-09-01 23:10:49.802"
4e4c6f6abbd137eeea250c54abee35f94b35c13c,1218814,pcmcat152100050022,"ipod accessories","2011-09-01 23:14:54.857","2011-09-01 23:14:40.41"
4e4c6f6abbd137eeea250c54abee35f94b35c13c,2550173,pcmcat234200050001,"ipod accessories","2011-09-01 23:16:31.122","2011-09-01 23:14:40.41"
4e4c6f6abbd137eeea250c54abee35f94b35c13c,8058772,pcmcat232900050017,xenosaga,"2011-10-19 23:00:55.197","2011-10-19 23:00:39.647"
4e4c6f6abbd137eeea250c54abee35f94b35c13c,8724106,cat09000,xenosaga,"2011-10-19 23:02:19.84","2011-10-19 23:00:39.647"
4e4c6f6abbd137eeea250c54abee35f94b35c13c,2864677,pcmcat210000050008,"nikon d40","2011-10-20 00:10:59.925","2011-10-20 00:10:13.188"
4e4c6f6abbd137eeea250c54abee35f94b35c13c,9325241,pcmcat138100050035,"graphics card","2011-10-20 00:11:58.276","2011-10-20 00:11:42.594"
4e4c6f6abbd137eeea250c54abee35f94b35c13c,6828702,cat02661,"marilyn manson","2011-10-25 23:46:19.536","2011-10-25 23:45:58.678"
4e4c6f6abbd137eeea250c54abee35f94b35c13c,3218017,pcmcat158900050018,"projector screen","2011-10-25 23:46:42.864","2011-10-25 23:46:28.491"
4e4c6f6abbd137eeea250c54abee35f94b35c13c,1364065,cat02668,"harry potter","2011-10-25 23:47:30.139","2011-10-25 23:47:01.067"
4e4c9daca5b8b5aa841d4cb15e467f891e746f26,2061086,abcat0401004,cybershot,"2011-10-26 00:31:46.979","2011-10-26 00:31:22.825"
4e4cac69bfb11f83dd43b90de4c335e344fedca5,2808132,pcmcat247400050000,"Toshiba i7 laptop","2011-09-09 17:56:44.555","2011-09-09 17:56:34.564"
4e4cad970e3ca2dce38a1c0b697c751abd4ec767,2842056,pcmcat209000050008,"Hp touch","2011-08-22 11:39:29.641","2011-08-22 11:38:55.729"
4e4cb5e898a663600459a0259f26c94d607d6d6d,9364074,abcat0511011,"fax machines","2011-10-25 23:59:40.845","2011-10-25 23:59:21.584"
4e4cb9f8ac2399368dc60c5511d2bf07ea43a601,1343284,abcat0107004,amps,"2011-10-19 23:09:17.819","2011-10-19 23:08:42.946"
4e4cd53dbea5dfc643ba192f1ffe552bb15522f4,2538181,pcmcat246100050002,jawbone,"2011-09-09 16:58:26.637","2011-09-09 16:57:34.916"
4e4cd5dbe7214565646d95503b801ed8675f7552,2490038,pcmcat186400050010,"Ipod 4th","2011-10-15 07:05:04.214","2011-10-15 07:04:42.869"
4e4cd5dbe7214565646d95503b801ed8675f7552,9225377,abcat0201011,"Ipod 4th","2011-10-15 07:05:28.298","2011-10-15 07:04:42.869"
4e4cda0015c901d60fbb82f856ae79331ebcdf4b,9065174,pcmcat233000050008,"Canon 50mm 1.4","2011-09-28 09:34:52.124","2011-09-28 09:33:07.565"
4e4cf12401c10c8afdd2625c7a9d6c05228e7165,3531307,pcmcat244200050013,chargers,"2011-10-26 00:53:24.826","2011-10-26 00:52:08.43"
4e4cf20e2f6aaa48fbe8614240afca3ed4326c66,2414049,pcmcat162100050040,"Galxae s phone","2011-10-18 11:08:33.465","2011-10-18 11:05:28.425"
4e4cf25122fa795749415b679d7baef50de1452c,2636986,abcat0307022,cable,"2011-10-19 22:22:00.124","2011-10-19 22:20:48.747"
4e4d0815870f1d696c73563bd5a68a94e1bf8f42,1980124,pcmcat180400050000,"Slr camera","2011-09-04 17:12:34.618","2011-09-04 17:10:42.853"
4e4d0898acc9d3da65cd7f54a4729a3c0430b4de,2588445,pcmcat170900050018,webcam,"2011-10-13 13:38:24.456","2011-10-13 13:37:59.345"
4e4d0ef4f4b95273d6646fb6d61e0c98b5d0f182,7191004,abcat0410007,backpack,"2011-08-30 13:01:33.582","2011-08-30 13:01:00.44"
4e4d0ef829741743fc3410ffe004dfaadd343b2d,9232831,abcat0715016,gameboy,"2011-10-26 00:07:16.52","2011-10-26 00:06:31.931"
4e4d0f770f6a7da1c30f7e938066f4f0fb0f1f94,3652371,cat02009,"Patrick stump","2011-10-19 21:03:05.782","2011-10-19 21:02:51.928"
4e4d1f7556d52481099a6aa030070f771f3c670e,1039285,pcmcat201900050009,"I phone 4s","2011-10-07 07:41:46.711","2011-10-07 07:41:29.198"
4e4d2cb8e46b5517a243807e1c72bf8d29eba13d,2307923,abcat0101001,"Panasonic viera","2011-09-22 20:47:12.294","2011-09-22 20:46:19.445"
4e4d345ca72cab0f32e3b34fa78a5a352e235ee8,2045264,cat02015,"mad men","2011-09-24 15:50:16.936","2011-09-24 15:49:51.991"
4e4d6f6a7d6cb89497e25532e13041e649d28092,3482121,pcmcat171900050029,"htc inspire accesories","2011-10-23 00:38:18.14","2011-10-23 00:36:56.081"
4e4d77f8bf045fb3d3ce8620cc359befc61cf2ec,9459622,pcmcat189600050009,"dvd burner","2011-10-26 00:24:17.723","2011-10-26 00:23:54.255"
4e4d80104a84bcf83c12c66a5ec007c4ccfc2d03,1457301,abcat0503002,trendnet,"2011-10-26 00:54:17.303","2011-10-26 00:53:44.59"
4e4d878d2083ef4fc04c3136f93617acb0aef8d2,3407134,abcat0915007,epilator,"2011-10-19 22:47:01.715","2011-10-19 22:46:03.254"
4e4d89954f6b2c947042684460f89c38fc40fd25,2925714,pcmcat247400050000,"iPhone 4 battery","2011-09-08 14:03:56.562","2011-09-08 14:00:55.59"
4e4d89954f6b2c947042684460f89c38fc40fd25,2969477,pcmcat247400050000,"iPhone 4 battery","2011-09-08 14:04:33.888","2011-09-08 14:00:55.59"
4e4d8c0ef79e835ed876c6dc59c6e26f27918524,9172799,pcmcat189600050008,"play station","2011-10-20 00:19:43.685","2011-10-20 00:18:42.027"
4e4d916b09e321814da3842f541da19ab0818318,1093742,abcat0714014,pcmcia,"2011-09-01 22:02:04.579","2011-09-01 22:01:31.753"
4e4d916b09e321814da3842f541da19ab0818318,8913606,pcmcat144700050004,pcmcia,"2011-09-01 22:02:40.804","2011-09-01 22:01:31.753"
4e4d916b09e321814da3842f541da19ab0818318,9172799,pcmcat189600050008,"western digital","2011-09-01 23:21:45.612","2011-09-01 23:21:30.402"
4e4d916b09e321814da3842f541da19ab0818318,18776972,cat02015,"the sims 2","2011-09-01 23:22:31.102","2011-09-01 23:22:20.219"
4e4d916b09e321814da3842f541da19ab0818318,1199257,pcmcat172600050005,"the sims 2","2011-09-01 23:26:03.3","2011-09-01 23:22:20.219"
4e4d916b09e321814da3842f541da19ab0818318,1303339,pcmcat208100050009,"print server","2011-10-06 22:07:22.444","2011-10-06 22:05:59.758"
4e4d916b09e321814da3842f541da19ab0818318,7676883,cat02630,olevia,"2011-10-19 23:46:14.112","2011-10-19 23:46:08.379"
4e4d916b09e321814da3842f541da19ab0818318,9322789,cat09000,olevia,"2011-10-19 23:46:49.916","2011-10-19 23:46:08.379"
4e4d916b09e321814da3842f541da19ab0818318,9358018,pcmcat161100050044,t.i.,"2011-10-25 22:18:12.993","2011-10-25 22:15:41.009"
4e4d916b09e321814da3842f541da19ab0818318,7240078,cat02716,"young jeezy","2011-10-25 22:18:51.348","2011-10-25 22:18:29.574"
4e4d916b09e321814da3842f541da19ab0818318,9379424,pcmcat172000050000,"young jeezy","2011-10-25 22:20:35.168","2011-10-25 22:18:29.574"
4e4d916b09e321814da3842f541da19ab0818318,347333,pcmcat165900050032,antennas,"2011-10-25 23:34:27.06","2011-10-25 23:33:50.194"
4e4d916b09e321814da3842f541da19ab0818318,3226871,abcat0202004,"hd tv","2011-10-26 00:22:15.644","2011-10-26 00:21:43.928"
4e4d916b09e321814da3842f541da19ab0818318,3259068,abcat0302002,"hd tv","2011-10-26 00:26:02.897","2011-10-26 00:21:43.928"
4e4d9aba5075948cad380f885fbd4033a33375bb,2197089,pcmcat144700050004,stands,"2011-09-01 22:17:03.093","2011-09-01 22:16:14.229"
4e4d9aba5075948cad380f885fbd4033a33375bb,1434774,pcmcat232900050017,"resident evil 4","2011-09-01 23:25:48.539","2011-09-01 23:25:42.575"
4e4d9aba5075948cad380f885fbd4033a33375bb,9793649,abcat0504009,"usb flash drive","2011-09-21 23:28:29.752","2011-09-21 23:28:18.569"
4e4d9aba5075948cad380f885fbd4033a33375bb,15190437,cat02015,ipods,"2011-09-21 23:29:03.383","2011-09-21 23:28:45.319"
4e4d9aba5075948cad380f885fbd4033a33375bb,3345161,abcat0507006,iriver,"2011-10-20 00:10:47.509","2011-10-20 00:08:37.051"
4e4d9aba5075948cad380f885fbd4033a33375bb,6839111,cat02691,"my book","2011-10-20 00:11:31.051","2011-10-20 00:11:13.215"
4e4d9aba5075948cad380f885fbd4033a33375bb,5455875,cat02015,"sex and the city","2011-10-25 22:42:29.86","2011-10-25 22:41:55.177"
4e4d9aba5075948cad380f885fbd4033a33375bb,8234038,cat09000,tablet,"2011-10-25 23:47:22.447","2011-10-25 23:42:45.778"
4e4d9aba5075948cad380f885fbd4033a33375bb,643628,pcmcat165900050034,turntables,"2011-10-26 00:27:02.733","2011-10-26 00:24:22.432"
4e4d9aba5075948cad380f885fbd4033a33375bb,2927154,abcat0504010,"jump drive","2011-10-26 00:29:18.187","2011-10-26 00:28:48.77"
4e4d9aba5075948cad380f885fbd4033a33375bb,9956586,abcat0901005,"jump drive","2011-10-26 00:31:14.669","2011-10-26 00:28:48.77"
4e4d9faf5e1a8f4ec0d1f592799951d5523fb534,2122236,abcat0101001,62,"2011-10-20 17:31:21.018","2011-10-20 17:27:40.225"
4e4db33a0505f72fda26c745768838dc7a921da6,9898476,pcmcat147700050038,"Psp go","2011-09-13 10:08:29.716","2011-09-13 10:08:04.9"
4e4db33a0505f72fda26c745768838dc7a921da6,9515474,pcmcat147700050038,"Psp go","2011-09-13 10:10:24.068","2011-09-13 10:08:04.9"
4e4dbb3e0f57f048eaa90e451e62ef2bade0df39,9271423,pcmcat165900050048,parrot,"2011-09-02 08:39:07.779","2011-09-02 08:38:19.056"
4e4dc7439cf2336572bcdb60ab97cfa41155c567,1701063,abcat0504010,"flash drives","2011-08-29 00:45:05.697","2011-08-29 00:43:21.475"
4e4dc7439cf2336572bcdb60ab97cfa41155c567,1701009,abcat0504010,"flash drives","2011-08-29 00:48:02.862","2011-08-29 00:43:21.475"
4e4dc7439cf2336572bcdb60ab97cfa41155c567,1208529,abcat0703002,zumba,"2011-08-31 22:13:46.548","2011-08-31 22:12:01.792"
4e4dd36b76b447b12af8f2dffa9530a86059446f,8294632,pcmcat189600050007,"Serial hard drive","2011-10-31 01:30:51.936","2011-10-31 01:29:20.564"
4e4dd7203654e23eb1a307709c9da8c9712151c7,9191821,abcat0715008,"playstation 2","2011-10-26 00:20:30.928","2011-10-26 00:19:30.822"
4e4dd96bed7f23c819279d5ec0e5e223713b4f09,2825041,pcmcat231700050017,Roku,"2011-09-22 19:40:04.213","2011-09-22 19:39:39.215"
4e4dde5ba61a82271599f79d59cd5559e5c85e7c,1262751,cat02013,"star trek","2011-10-19 23:12:39.614","2011-10-19 23:11:49.122"
4e4de9034eae85f00f7ec437e6c7cf8c8a6ea855,3380285,pcmcat165900050054,"fm transmitter","2011-10-12 16:16:57.435","2011-10-12 16:12:52.74"
4e4e01e92603d2129864213894133ce9637c7c33,9739898,abcat0910002,"Washer and dryer","2011-10-01 11:53:24.333","2011-10-01 11:48:37.931"
4e4e11b8143cb527b28ed9a59ef334e14e448d13,2842056,pcmcat209000050008,Hp,"2011-08-31 10:10:27.389","2011-08-31 10:10:13.793"
4e4e1b681729d9951204d977e39b9d57fc5c93a1,2404316,pcmcat209400050001,infuse,"2011-10-09 04:59:50.157","2011-10-09 04:59:45.403"
4e4e1b681729d9951204d977e39b9d57fc5c93a1,3386094,pcmcat209400050001,"Samsung galaxy","2011-10-26 00:24:50.23","2011-10-26 00:24:29.256"
4e4e1fd165faf5d2e59b9ad034114459f19cb28f,9836718,pcmcat144700050004,Beats,"2011-09-06 19:57:09.323","2011-09-06 19:56:15.862"
4e4e517efcad4c18cc4d9ba463edc79b20e43277,2538172,pcmcat218000050000,"I pad cases","2011-10-13 18:02:49.155","2011-10-13 18:01:35.948"
4e4e517efcad4c18cc4d9ba463edc79b20e43277,2318055,pcmcat218000050000,"I pad cases","2011-10-13 18:04:03.325","2011-10-13 18:01:35.948"
4e4e517efcad4c18cc4d9ba463edc79b20e43277,2490083,pcmcat218000050000,"I pad cases","2011-10-13 18:05:07.969","2011-10-13 18:01:35.948"
4e4e7150953fee4939daf36beb66bb2d9cc6195a,3130278,abcat0907005,haiger,"2011-09-26 19:30:22.158","2011-09-26 19:28:08.775"
4e4e7174d96c4b176448bc2f0b5ceffe854c695b,1223834,pcmcat225800050009,Cameras,"2011-08-13 11:00:12.685","2011-08-13 10:59:30.126"
4e4e7174d96c4b176448bc2f0b5ceffe854c695b,1222817,pcmcat180400050000,Cameras,"2011-08-13 11:01:09.892","2011-08-13 10:59:30.126"
4e4e7174d96c4b176448bc2f0b5ceffe854c695b,1980124,pcmcat180400050000,Cameras,"2011-08-13 11:02:04.73","2011-08-13 10:59:30.126"
4e4e7174d96c4b176448bc2f0b5ceffe854c695b,9226777,abcat0504010,"Nikon 5100 dale camera","2011-08-26 12:11:00.711","2011-08-26 12:10:17.063"
4e4e970ccce723fa00f8437a35b69b7c301da567,3530477,pcmcat143000050011,nikon,"2011-10-25 22:29:56.556","2011-10-25 22:29:43.428"
4e4ea23581ec8a8189bb38aa8eede849b288c64d,2009281,abcat0101001,1997794,"2011-09-06 17:39:29.032","2011-09-06 17:36:03.916"
4e4ea23581ec8a8189bb38aa8eede849b288c64d,1208844,abcat0503002,"Wifi USB","2011-09-10 08:57:51.794","2011-09-10 08:56:51.357"
4e4ea23581ec8a8189bb38aa8eede849b288c64d,9291795,pcmcat175600050011,"Wifi adapter","2011-09-10 08:59:20.923","2011-09-10 08:58:41.732"
4e4eaf3db122981800e0819a3ecc6ea6bb400273,9736764,abcat0515039,"computer speakers","2011-09-03 18:10:18.062","2011-09-03 18:08:39.445"
4e4eaf3db122981800e0819a3ecc6ea6bb400273,1564512,abcat0515039,"computer speakers","2011-09-03 18:12:25.004","2011-09-03 18:08:39.445"
4e4ec9aef26be00fbc1ca7fc9452304cbd76df4d,3003584,cat02015,"In a better world","2011-08-31 10:34:30.047","2011-08-31 10:34:18.819"
4e4ecd65349bae99a7a21858e2d514ef2334a1dd,3458428,pcmcat242000050002,"transformer asus","2011-09-26 12:52:12.431","2011-09-26 12:51:07.246"
4e4ecdabe45444344a7b1f0d77dc9f4fe42ca326,9778635,pcmcat180400050000,"canon t3i","2011-10-24 12:19:51.99","2011-10-24 12:15:41.019"
4e4ee661c177e58616aaaf4831d9cd69fca832b8,3385235,cat02015,dvd,"2011-09-24 12:06:25.959","2011-09-24 12:06:17.327"
4e4f051ef97d11a20f051e4ae862d31a40538008,1750068,abcat0303001,"Sony DVD","2011-09-17 19:05:29.973","2011-09-17 19:03:21.673"
4e4f57fd5bf1736c77a2259b30bba348e25eb366,9352005,cat02015,"Powder blue","2011-09-21 14:18:36.956","2011-09-21 14:18:06.128"
4e4f656059f4104c536e324ec659568a0dcc4d9c,2817582,pcmcat209000050008,"Samsung galaxy tab","2011-08-17 17:58:33.943","2011-08-17 17:58:23.091"
4e4f6b65f21dff25b84fbda914b66799c32534f0,9905608,abcat0102005,hd-dvd,"2011-10-11 09:39:58.617","2011-10-11 09:39:54.078"
4e4f7a4ef00d2b6154cb07d16aa205ffd021166d,2138389,abcat0101001,"lcd tv","2011-10-08 22:57:37.03","2011-10-08 22:57:20.687"
4e4f8a76d48d4532678e950af9c293457da498fe,9078525,abcat0916014,washers,"2011-10-19 23:25:17.555","2011-10-19 23:24:36.172"
4e4faa339ef59821f6514a2afdb02905c6588c51,1372995,pcmcat158900050018,projector,"2011-10-17 21:21:11.35","2011-10-17 21:16:47.188"
4e4fb7c935055724e617b49a7e51a3d3eefece64,9769519,cat02724,"battlestar galactica","2011-10-20 00:12:16.416","2011-10-20 00:11:57.901"
4e4fbb663875cf331fda38234a5c855ac3a0b422,2541193,pcmcat174700050005,"Dead island","2011-09-29 05:36:27.717","2011-09-29 05:35:38.27"
4e4fbc21659dc8acb685653a4c4dec24c364cada,2842587,cat02702,Beyonce,"2011-08-26 14:43:28.855","2011-08-26 14:43:16.445"
4e4fbc28e7be8c65227977f2b4364e964d619c10,2264373,pcmcat182300050008,"Pny gtx","2011-09-01 14:30:17.679","2011-09-01 14:30:15.061"
4e4fbc28e7be8c65227977f2b4364e964d619c10,9442187,abcat0302004,Amp,"2011-10-30 17:09:33.124","2011-10-30 17:08:09.704"
4e4fee43c6c05a79d134f53043e2f2d653e48a88,1945595,pcmcat209000050007,"i pad 2","2011-10-20 20:29:54.357","2011-10-20 20:28:48.247"
4e4ff7a9efe65b3b148a60a2102908aefb464b87,1173369,abcat0507003,"sound card","2011-10-25 23:05:19.938","2011-10-25 23:04:46.959"
4e500d60da2157e85f0c76332d1f3b6ed9f9cafd,2965384,pcmcat209400050001,OnlineMidnightSale_Mobile_Phones,"2011-08-16 23:11:12.923","2011-08-16 23:09:10.913"
4e50124723ac6cd13a9e7c75b6643748bb1f8118,9627418,pcmcat174700050005,"pata pci expansion","2011-09-25 03:32:40.379","2011-09-25 03:32:29.942"
4e501622c9488aeb84435f08ff7620bfde08ae16,9315715,abcat0907007,"portable air conditioner","2011-10-26 00:21:25.27","2011-10-26 00:20:36.868"
4e501b6a30c0ae4c1438fae9a0aefda69b04e844,9999165700050018,abcat0201009,"Ipod nano 16 gb","2011-10-22 12:03:04.693","2011-10-22 12:01:26.218"
4e50230900fa4bcb3ce596e7569fe79db79fde52,9811982,pcmcat223000050016,"Laser printers","2011-08-19 05:56:26.724","2011-08-19 05:54:29.335"
4e50230900fa4bcb3ce596e7569fe79db79fde52,9004258,pcmcat166000050028,"Sling box","2011-09-08 16:10:32.378","2011-09-08 16:09:23.718"
4e50232ef8a223ba97c7e0819d780c0e2d20f62f,1443853,pcmcat209400050001,"lg comsmo touch","2011-08-20 15:32:08.806","2011-08-20 15:31:54.46"
4e504f59f852c0b838b8b6804313de92227486dd,1409226,pcmcat162100050040,"virgin mobile","2011-10-25 16:03:27.068","2011-10-25 15:58:44.979"
4e505085e9955607c5cabd0d842cd1af1ce3d9a0,6889584,abcat0410012,sd600,"2011-10-25 22:08:35.073","2011-10-25 22:07:52.36"
4e506600a7c09bc373a6657b9ace3008fd2ab1b1,8781348,abcat0515030,"bluetooth headsets","2011-08-11 16:55:52.126","2011-08-11 16:55:09.724"
4e50683b249e82ffdf9c36422c1b8b16183f5d8d,8791319,pcmcat161100050044,Airport,"2011-10-19 11:06:05.221","2011-10-19 11:05:49.386"
4e50683b249e82ffdf9c36422c1b8b16183f5d8d,1074623,pcmcat161500050000,"Airport extreme base station","2011-10-19 11:09:43.335","2011-10-19 11:09:30.382"
4e507003e22d43878695fcf815e04988d1521074,8795404,abcat0513003,mice,"2011-10-25 23:58:34.193","2011-10-25 23:57:59.658"
4e50758066c80f2ede789509609e1009c05fc33f,9811521,abcat0106001,"Corner tv stand","2011-09-19 21:03:57.053","2011-09-19 21:01:25.014"
4e5077941c2512e4a3de80749d974c99e1be9f87,9253666,cat02015,"True blood","2011-10-22 15:15:07.939","2011-10-22 15:14:54.061"
4e507f0b7426359ce179a4c8abb2bf7be383825a,2569171,pcmcat232900050017,Apache,"2011-09-05 15:21:21.475","2011-09-05 15:21:04.771"
4e508c1cd921fd925300f137b4675f7b6652092a,9715573,abcat0707002,pokemon,"2011-08-28 16:08:10.255","2011-08-28 16:06:50.129"
4e508e18b748bacbc7ad710e88af640517d4ddd6,1685043,abcat0302013,"usb stick","2011-09-02 21:24:58.241","2011-09-02 21:22:32.686"
4e5098a50470fb19747cecf0a384504ebd2e8c33,9927415,abcat0707002,Tetris,"2011-10-15 19:18:44.383","2011-10-15 19:17:42.692"
4e5098a50470fb19747cecf0a384504ebd2e8c33,1339564,pcmcat232900050017,Pikmin,"2011-10-16 02:00:09.25","2011-10-16 02:00:00.23"
4e509fbe8ddf89e3c4a39c11799206f6563697bc,2204211,pcmcat144700050004,"Over the ear headphone","2011-09-25 10:55:09.643","2011-09-25 10:54:21.365"
4e509fbe8ddf89e3c4a39c11799206f6563697bc,9836718,pcmcat144700050004,"Over the ear headphone","2011-09-25 10:55:30.116","2011-09-25 10:54:21.365"
4e50a280ae84c8c1560db785a35efed972123fe1,2128285,abcat0201010,iriver,"2011-10-20 00:01:36.602","2011-10-20 00:00:41.506"
4e50a3c1c8a7c83785c3adc8c0d1e63fdcc93fec,2842056,pcmcat209000050008,OnlineMidnightSale_HomeTheater_20110825,"2011-08-25 05:58:15.879","2011-08-25 05:56:03.494"
4e50a970eea07d6e3c327cc546574cff8d1def6c,9492426,pcmcat143000050007,"Beats audio","2011-09-10 20:58:54.816","2011-09-10 20:56:59.479"
4e50a970eea07d6e3c327cc546574cff8d1def6c,9845581,pcmcat143000050011,"Beats audio","2011-09-10 20:59:28.412","2011-09-10 20:56:59.479"
4e50e6afe6e577fd3264ae5cbf1db656f1c4ea7a,2918553,pcmcat218000050000,"IPad 2 cover","2011-10-16 10:21:16.909","2011-10-16 10:19:11.585"
4e50f73be82dbf790fde38ceaece8613fa29f614,2809538,pcmcat247400050000,toshiba,"2011-10-10 09:38:14.995","2011-10-10 09:36:57.381"
4e50f8ad192ec25c6bdf08a9acf1ac39bbbc79ca,7992915,pcmcat165900050032,"hd antenna","2011-10-25 23:28:14.22","2011-10-25 23:27:57.624"
4e50fca6e252f5ce7fdec3f133c999ba69a11338,2970264,abcat0101001,"LG 3D","2011-10-09 02:48:21.276","2011-10-09 02:46:54.372"
4e5104a9c6995336730f36ed0ab24a9b9aca9f60,2738738,pcmcat164200050013,tablets,"2011-08-15 14:41:35.167","2011-08-15 14:39:32.354"
4e510827d8dcc77abb943772d723ca23f2db0243,3403614,abcat0301014,"Motorcycle gps","2011-10-30 17:15:07.276","2011-10-30 17:14:12.753"
4e510c23ee32070713a7d4bc1a53690bed238caa,3158616,cat02015,"Pirates of te Caribbean","2011-10-20 11:36:49.244","2011-10-20 11:36:20.993"
4e5118b360710c9e9a76df6572ad60b25d62e8e1,9616458,cat02716,"The game","2011-08-25 19:15:43.155","2011-08-25 19:15:25.582"
4e5134bccfa60aac23614c22c6bdcac788001e5d,2721198,pcmcat170900050018,"web camera","2011-10-20 00:08:35.198","2011-10-20 00:08:19.665"
4e513ad97efe70674d1f672a2ba6c31c6eac80be,9773712,abcat0410001,cases,"2011-10-06 22:19:12.937","2011-10-06 22:18:41.925"a745b9293,2847643,abcat0503013,Modems,"2011-10-28 20:35:48.101","2011-10-28 20:31:42.051"
006b910ee606dab1fe91e5d65a151b230b436e76,2795191,abcat0515028,"MacBook pro case","2011-09-20 18:42:45.451","2011-09-20 18:41:27.363"
006b910ee606dab1fe91e5d65a151b230b436e76,2795207,abcat0515028,"MacBook pro case","2011-09-20 18:44:14.74","2011-09-20 18:41:27.363"
006bad742b43fe9a76c315998aa89e142229c80c,18178883,cat02009,"monster squad","2011-10-25 23:58:39.272","2011-10-25 23:58:06.106"
006bb2d638038e01b71d5c88cf35072a48fd6bf4,1430456,pcmcat138100050035,"Mini dvi","2011-08-21 21:42:13.992","2011-08-21 21:40:17.181"
006bb42641e1d32fcb585105233e271444dcd103,11038815,cat02002,godfather,"2011-10-26 00:37:34.996","2011-10-26 00:36:57.551"
4e5215e2943efb5d75193f80d584a3d8b4c387ba,1418588,abcat0811004,acer,"2011-10-26 00:19:59.653","2011-10-26 00:19:21.53"
4e521cdb00f401d73817d12a558b48dada54aa44,19321268,cat02015,"Armed and dangerous","2011-08-17 17:56:45.376","2011-08-17 17:56:22.036"
4e52227a11610e86f9c95655cbce403903625318,2061077,abcat0401004,"Digital cameras","2011-09-15 14:53:32.437","2011-09-15 14:51:43.013"
4e52227a11610e86f9c95655cbce403903625318,9999159400050006,abcat0707001,"Digital cameras","2011-09-15 14:56:19.455","2011-09-15 14:51:43.013"
4e522bc0eb01d52fa3f720817c94aa4b3fe86815,2634193,pcmcat200200050000,"Hp touchsmart 610","2011-10-05 16:05:44.384","2011-10-05 16:05:09.858"
4e5242edf2386e215192564d082faecd76064bf0,2390524,pcmcat209000050008,"htc flyer","2011-10-06 07:40:13.931","2011-10-06 07:39:57.22"
4e5242edf2386e215192564d082faecd76064bf0,8815703,abcat0912018,"kitchenaid mixer","2011-10-30 16:31:55.871","2011-10-30 16:29:48.01"
4e5242edf2386e215192564d082faecd76064bf0,7773992,abcat0912018,"kitchenaid mixer","2011-10-30 16:33:37.531","2011-10-30 16:29:48.01"
4e5242edf2386e215192564d082faecd76064bf0,9365563,abcat0912018,"kitchenaid mixer black","2011-10-30 16:34:19.93","2011-10-30 16:34:11.313"
4e5242edf2386e215192564d082faecd76064bf0,4772062,abcat0912018,"black kitchenaid mixer","2011-10-30 16:35:19.26","2011-10-30 16:35:05.153"
4e5246f715c08aba2aab55d7b442fb503b4980ba,8878672,abcat0208011,Ihome,"2011-10-25 10:42:26.065","2011-10-25 10:40:07.316"
4e524a6a6b90dcc68dca46ac925a8c41be20ad1b,9808915,pcmcat144700050004,headphones,"2011-10-13 18:41:46.132","2011-10-13 18:38:37.395"
4e524a6a6b90dcc68dca46ac925a8c41be20ad1b,2149199,pcmcat144700050004,headphones,"2011-10-13 18:43:23.918","2011-10-13 18:38:37.395"
4e5253cbc54446df3713c3f015a8c06d53a62d97,1232474,pcmcat143000050007,Dr.dre,"2011-08-13 22:04:34.492","2011-08-13 22:03:44.414"
4e5256ad7be6e8f6dc4c567c75a0f6626176c1a0,2893174,abcat0101001,"lcd tv","2011-10-29 03:13:02.096","2011-10-29 03:12:58.239"
4e525bf53ff760c14f9886312f621ef6cff3c90a,1525426,pcmcat172000050000,"digital photo frames","2011-10-26 00:35:53.887","2011-10-26 00:35:34.43"
4e527e9ba0fabe46e1407833ef67e898f91af065,1421112,abcat0403004,"Go pro","2011-09-19 18:13:08.33","2011-09-19 18:12:23.436"
4e5291e6c99273ad5599a0e182221c127bc41dfb,9778635,pcmcat180400050000,canon,"2011-08-14 13:04:56.667","2011-08-14 13:01:40.817"
4e5291e6c99273ad5599a0e182221c127bc41dfb,9999162200050030,pcmcat180400050006,canon,"2011-08-14 13:05:52.707","2011-08-14 13:01:40.817"
4e52b5cca91a740a48c89b8c132ca882701906f3,3367463,pcmcat209400050001,"Xperia play","2011-10-09 11:22:09.96","2011-10-09 11:22:04.196"
4e52d69d77ff8f97b4e622c9c05968727a614f4f,4371156,cat02015,"mike jones","2011-10-19 23:36:40.426","2011-10-19 23:35:41.489"
4e52e61ef9147904414c1abdb157a74bafa58bd5,1658122,pcmcat207900050011,"iPhone charger","2011-09-27 21:48:14.106","2011-09-27 21:46:59.15"
4e52e6f7c1048910b106ea8601db69e9c7c204b3,1854819,abcat0101001,"32 inch LCD tv","2011-10-16 13:40:51.189","2011-10-16 13:40:33.474"
4e52ed1f933e441e09fe4788602877ae5b10b9c8,9837565,abcat0107040,Harmony,"2011-10-09 08:02:55.017","2011-10-09 08:02:19.854"
4e52fb40e70dfd74687a6ff89471b588f7973089,2584325,abcat0101001,"Samsung plasma","2011-10-07 19:14:02.991","2011-10-07 19:13:19.033"
4e52fb40e70dfd74687a6ff89471b588f7973089,2135072,abcat0101001,"Samsung plasma","2011-10-07 19:14:10.275","2011-10-07 19:13:19.033"
4e52fb40e70dfd74687a6ff89471b588f7973089,2262074,abcat0101001,"Samsung plasma","2011-10-07 19:15:30.958","2011-10-07 19:13:19.033"
4e52fdf56c3fdbbc0f189d9842abdbe450a2981f,2809477,pcmcat247400050000,"toshiba laptop","2011-10-26 00:10:43.154","2011-10-26 00:09:55.475"
4e532402a74879896f21e7ebe4fabe97c99d8acd,3143987,cat02012,"lil wayne","2011-08-29 12:06:32.884","2011-08-29 12:03:08.263"
4e5324f11aba0963774c2076d1dd957ed40b6b50,2238218,abcat0705001,"Psp 3000","2011-10-11 00:42:07.782","2011-10-11 00:41:08.182"
4e5326095fafbba636829fe2d852f79a1851600f,3825057,pcmcat209400050001,iPhone,"2011-10-20 08:23:03.609","2011-10-20 08:20:04.114"
4e5326fd1887423985f03dc4d6f430b1b9154b34,3039182,cat02015,"how i met your mother","2011-09-23 16:51:30.516","2011-09-23 16:49:53.26"
4e53352a50982afd85e75d4df0c844c6e0cc9990,3487784,pcmcat209400050001,"iPhone 4s","2011-10-18 15:09:41.238","2011-10-18 15:09:12.244"
4e53613c741d7a64ad3c60f5d63bdefef29fb469,3282053,abcat0811003,"Card reader","2011-09-27 13:01:16.06","2011-09-27 12:59:50.167"
4e53613c741d7a64ad3c60f5d63bdefef29fb469,3266378,pcmcat214700050000,"Iphone4 case","2011-09-27 13:07:58.658","2011-09-27 13:05:43.164"
4e538db727e7407a4549d62ff70f0335eba338dc,1326039,pcmcat246100050002,"Bluetooth Headphones","2011-10-07 13:49:47.251","2011-10-07 13:48:44.275"
4e539cdffbe841619e179d80366436eac2710123,2089051,pcmcat233600050006,"Video cameras","2011-10-22 10:38:11.655","2011-10-22 10:36:49.112"
4e539cdffbe841619e179d80366436eac2710123,1980124,pcmcat180400050000,"Video cameras","2011-10-22 10:39:18.024","2011-10-22 10:36:49.112"
4e53d35e01dc1201c2f0a51800b2ccb806c75e69,9775134,abcat0302037,alpine,"2011-09-25 20:50:29.575","2011-09-25 20:49:03.083"
4e53d45674a8c8e80bc4ba9a2e9eab6819549ad0,2925714,pcmcat247400050000,intel,"2011-08-31 11:23:45.99","2011-08-31 11:23:13.843"
4e53d45674a8c8e80bc4ba9a2e9eab6819549ad0,3216055,pcmcat171900050029,"Otter box","2011-09-29 09:14:05.159","2011-09-29 09:12:01.53"
4e53df0281cd3f4cbb0fa36dfade61cf73b9e6fb,1380306,abcat0511004,"Wide format printer","2011-10-27 07:03:46.354","2011-10-27 07:03:30.235"
4e53f5bf5170ca7a571e187a2ce8b84730962c84,3108109,pcmcat247400050001,"Macbook air","2011-10-21 17:32:32.246","2011-10-21 17:32:20.354"
4e53f5bf5170ca7a571e187a2ce8b84730962c84,1535123,pcmcat247400050001,"Macbook air","2011-10-21 17:33:26.642","2011-10-21 17:32:20.354"
4e5416fbd166ddd26d0417cef604db1c0a43f384,1733053,abcat0303001,Stereo,"2011-09-01 18:56:36.955","2011-09-01 18:53:51.854"
4e5416fbd166ddd26d0417cef604db1c0a43f384,1580289,abcat0303001,Stereo,"2011-09-01 18:57:31.841","2011-09-01 18:53:51.854"
4e541da8c515821fc0b220815b288d467daf07a2,9252836,pcmcat221000050008,"pioneer radio","2011-09-17 15:18:25.835","2011-09-17 15:15:26.816"
4e542c430bc74a1f4fc52ca08ba0d0947173b00d,2047641,abcat0101001,"lcd tv","2011-09-20 13:10:10.021","2011-09-20 13:10:06.156"
4e54320390d9f34947ae733fc202a7aed9821c55,2620821,abcat0101001,"lcd tv","2011-10-14 06:31:47.667","2011-10-14 06:31:39.259"
4e543426c743265426129e3518c61694680927a5,8396292,cat02015,"Carlitos way","2011-09-06 07:32:48.122","2011-09-06 07:32:07.289"
4e543426c743265426129e3518c61694680927a5,3959826,cat02015,"Space jam","2011-09-06 07:49:51.095","2011-09-06 07:49:36.188"
4e543426c743265426129e3518c61694680927a5,18950615,cat02015,"boulevard nights","2011-09-12 10:51:35.482","2011-09-12 10:51:14.843"
4e543426c743265426129e3518c61694680927a5,14497822,cat02015,Lambada,"2011-09-12 11:13:03.529","2011-09-12 11:12:49.051"
4e543426c743265426129e3518c61694680927a5,1853531,pcmcat164200050013,"Road dogz","2011-09-12 11:16:54.711","2011-09-12 11:14:55.576"
4e543f5d42c6256324f474a457573dd7b6356ab8,2049039,abcat0401004,Nikon,"2011-09-24 14:18:17.902","2011-09-24 14:17:45.188"
4e5449fd01d264af56e50de6c0833faad34a21ab,2532211,abcat0303002,"lcd monitors","2011-10-19 23:48:42.729","2011-10-19 23:48:23.336"
4e54548202e9b95fc13572fcc4d11caf76aaee4f,8734569,abcat0202007,"record player","2011-10-25 23:19:59.997","2011-10-25 23:19:13.183"
4e5465bff9d4aa702216152b2b1b1efc4e6c89fe,2475916,pcmcat209000050008,"Asus transformar","2011-10-25 06:51:06.325","2011-10-25 06:49:59.384"
4e5470d182582f497db3c326535c3790a8cdb143,8998506,abcat0503002,"Internet router","2011-10-04 20:39:17.956","2011-10-04 20:38:44.998"
4e5473cec91d3c61a744270e7324a06b73cfca3a,8241422,pcmcat144700050004,"Sony wireless headphone","2011-09-10 08:00:18.286","2011-09-10 07:59:49.023"
4e5473cec91d3c61a744270e7324a06b73cfca3a,9227561,pcmcat144700050004,"Sony wireless headphone","2011-09-10 08:01:05.853","2011-09-10 07:59:49.023"
4e5473cec91d3c61a744270e7324a06b73cfca3a,9040076,pcmcat221000050010,"Sony wireless headphone","2011-09-10 08:02:13.718","2011-09-10 07:59:49.023"
4e5478a3c64c704f76825b168d817abf6b3602ee,4909889,pcmcat185400050003,garmin,"2011-10-26 00:21:56.897","2011-10-26 00:21:31.274"
4e547fe61db2f76c9e39c921745ece1fb58460d8,1150204,abcat0301014,Magellan,"2011-09-02 17:19:53.411","2011-09-02 17:18:27.552"
4e547fe61db2f76c9e39c921745ece1fb58460d8,9894222,abcat0301014,Magellan,"2011-09-02 17:20:24.302","2011-09-02 17:18:27.552"
4e54812fea1ed9c007e5d72ce20984166c7d013e,2077044,abcat0305000,radar,"2011-10-25 23:49:44.205","2011-10-25 23:49:16.68"
4e5491a38c8ff7f3c8217215b14a54df4f91f340,3245514,abcat0301014,"Garmin 3490","2011-10-05 19:00:40.778","2011-10-05 18:58:47.215"
4e549511dc26a0061515d0b4071df9919e9938b6,2945292,abcat0703002,"ps3 modern warfare 3","2011-10-23 21:11:30.929","2011-10-23 21:11:03.743"
4e54a89868842dde924c9942172ae0da23270fd0,1649294,abcat0715001,gunnar,"2011-09-30 00:26:28.601","2011-09-30 00:25:36.948"
4e54aa0f8629cea6c732f2692a97116b8151092f,2636986,abcat0307022,"usb cable","2011-10-06 23:46:37.194","2011-10-06 23:46:19.458"
4e54b03494b5b305e349088be09f855634925e1b,9414332,abcat0506001,"ddr2 memory pc","2011-09-17 15:00:51.329","2011-09-17 14:57:08.079"
4e54d104fc54a94e8ae600cac0070cd40cd2c404,13915882,cat02015,waterproof,"2011-10-26 00:07:10.672","2011-10-26 00:05:58.597"
4e54e0d7107367f79353936e14dd39dd272c58a6,9845475,abcat0201011,"iPod shuffle","2011-09-23 14:11:47.976","2011-09-23 14:10:46.141"
4e54e2eb7359c7a9256f7ab7656547eac6cfe82c,2730745,abcat0410047,"Camera cord","2011-08-19 09:14:19.615","2011-08-19 09:13:39.153"
4e54f96a65ddc5d8a0570b7a92e00b17e8298787,1432785,pcmcat144700050004,"Ear bud","2011-10-28 13:31:15.205","2011-10-28 13:27:35.869"
4e5500f2e771ba22c2cd0711bd71bc7a70738181,2073109,pcmcat167300050040,"Sound bar","2011-09-10 18:49:34.839","2011-09-10 18:46:28.298"
4e550ecee96d59b6d019b7e9b92d8f5f39406d15,3604171,pcmcat229100050004,"Kindle case","2011-10-06 07:18:48.282","2011-10-06 07:17:39.679"
4e550ecee96d59b6d019b7e9b92d8f5f39406d15,3604153,pcmcat229100050004,"Kindle case","2011-10-06 07:19:34.34","2011-10-06 07:17:39.679"
4e550ecee96d59b6d019b7e9b92d8f5f39406d15,3604135,pcmcat229100050004,"Kindle case","2011-10-06 07:20:23.47","2011-10-06 07:17:39.679"
4e550ecee96d59b6d019b7e9b92d8f5f39406d15,3487648,pcmcat209400050001,iPhone,"2011-10-20 09:51:52.254","2011-10-20 09:51:18.086"
4e5523459b50c45148a3a7924163c30eea27e53a,9463136,pcmcat233400050011,"audio car adapter","2011-10-20 18:08:15.046","2011-10-20 18:04:05.533"
4e552d617007949bfcf22dc6cf00f9b8fb30ca04,3353719,abcat0507008,Motherboard,"2011-09-11 09:10:35.136","2011-09-11 09:07:43.768"
4e552d617007949bfcf22dc6cf00f9b8fb30ca04,1918043,abcat0302013,Alpine,"2011-10-15 14:48:34.799","2011-10-15 14:48:26.17"
4e5543c28436575dd4c9a9fde72928acf1ecdba5,2619398,cat02940,"jill scott","2011-08-29 18:28:31.276","2011-08-29 18:28:03.872"
4e5543c28436575dd4c9a9fde72928acf1ecdba5,3486206,cat02009,dev,"2011-08-31 00:12:25.582","2011-08-31 00:11:54.56"
4e5543c28436575dd4c9a9fde72928acf1ecdba5,4038428,cat02010,"lenny kravitz","2011-08-31 01:03:11.826","2011-08-31 01:02:59.574"
4e5543c28436575dd4c9a9fde72928acf1ecdba5,9661351,cat02702,"chris brown","2011-08-31 01:41:36.579","2011-08-31 01:41:16.496"
4e5543c28436575dd4c9a9fde72928acf1ecdba5,2794138,pcmcat247400050000,"chris brown","2011-08-31 01:43:38.997","2011-08-31 01:41:16.496"
4e5543c28436575dd4c9a9fde72928acf1ecdba5,2971078,pcmcat138500050001,"chris brown","2011-08-31 01:45:31.192","2011-08-31 01:41:16.496"
4e5543c28436575dd4c9a9fde72928acf1ecdba5,7338099,cat02015,"i know what you did last summer","2011-09-16 00:27:47.15","2011-09-16 00:27:09.759"
4e5543c28436575dd4c9a9fde72928acf1ecdba5,5335069,cat02713,"lil kim","2011-09-16 00:31:26.755","2011-09-16 00:31:06.357"
4e5543c28436575dd4c9a9fde72928acf1ecdba5,428228,cat02607,"janet jackson control","2011-09-16 00:31:57.71","2011-09-16 00:31:52.401"
4e5543c28436575dd4c9a9fde72928acf1ecdba5,18860322,cat02828,"jennifer lopez","2011-09-16 00:34:27.679","2011-09-16 00:33:48.219"
4e5543c28436575dd4c9a9fde72928acf1ecdba5,9124734,cat02015,"the dark knight","2011-09-16 00:49:27.556","2011-09-16 00:47:49.553"
4e5543c28436575dd4c9a9fde72928acf1ecdba5,7731305,cat02009,rihanna,"2011-09-26 15:07:06.366","2011-09-26 15:06:29.439"
4e5543c28436575dd4c9a9fde72928acf1ecdba5,3616273,cat02009,"britney speas","2011-10-23 22:53:10.172","2011-10-23 22:52:54.202"
4e55461145d0f50c38485dba5b3f920257dac68b,1023414,abcat0715001,"xbox accessories","2011-08-23 15:09:28.673","2011-08-23 15:09:05.323"
4e555d711bd49daed2492e533ffbf1393ec8e3ef,2761061,abcat0202003,"Marantz 1402","2011-10-01 11:47:21.275","2011-10-01 11:47:09.955"
4e555d711bd49daed2492e533ffbf1393ec8e3ef,2004037,abcat0102003,2004037,"2011-10-17 12:30:12.215","2011-10-17 12:25:27.191"
4e555d711bd49daed2492e533ffbf1393ec8e3ef,2539948,abcat0101001,Kdl-40ex723,"2011-10-17 16:12:33.107","2011-10-17 16:11:32.545"
4e556303c6cf2a471e97a41fc9c19214eff95268,9941318,pcmcat186100050006,"external hard drive","2011-10-14 14:54:00.552","2011-10-14 14:52:34.531"
4e5580a795195c50ddb3e677942e3467f7de730e,1945531,pcmcat209000050007,"Ipad 2","2011-10-01 15:17:56.272","2011-10-01 15:17:09.813"
4e5587389b48cdb0b655f4b833350c838c120d35,9957955,pcmcat182300050008,"Vedio card Best for games","2011-10-08 03:47:31.777","2011-10-08 03:47:03.359"
4e558d884a845ef0e25333c517bbb87ead94c6e9,9999163800050002,pcmcat212600050011,"hp desktop","2011-09-07 10:54:04.884","2011-09-07 10:52:20.822"
4e55a237bc481277f5e7cb519857469154ed83ca,3098129,pcmcat186400050002,"canon power shot","2011-10-16 17:31:17.211","2011-10-16 17:28:55.979"
4e55abad31a7130fdac697792f13ceeaca034485,9459622,pcmcat189600050009,"dvd burner","2011-10-22 18:29:29.04","2011-10-22 18:28:49.629"
4e55ad9466df4e333525c3d6d7dbf6d6d2bb7649,2120195,abcat0101001,2120195,"2011-09-10 14:24:49.343","2011-09-10 14:24:41.272"
4e55ae1651526f115ecdd43fd8923b449c24a8aa,2138389,abcat0101001,"lcd tv","2011-10-10 02:20:08.504","2011-10-10 02:20:04.928"
4e55b89f9200cc2d341e513dac1134f555ef4d6a,1997349,pcmcat167300050040,"Home theatre systems","2011-09-28 01:43:28.536","2011-09-28 01:42:39.792"
4e55b92574b3947b21219468f171080ed383a6eb,9947163,pcmcat151600050007,OnlineMidnightSale_Musical_Instruments,"2011-09-13 23:17:09.303","2011-09-13 23:16:13.831"
4e55b92574b3947b21219468f171080ed383a6eb,8795048,pcmcat170900050018,OnlineMidnightSale_Accessories,"2011-09-13 23:18:41.458","2011-09-13 23:17:22.052"
4e55b92574b3947b21219468f171080ed383a6eb,9343061,abcat0515012,OnlineMidnightSale_Accessories,"2011-09-13 23:19:14.623","2011-09-13 23:17:22.052"
4e55b92574b3947b21219468f171080ed383a6eb,2257682,abcat0101001,OnlineMidnightSale_Accessories,"2011-09-13 23:19:56.83","2011-09-13 23:17:22.052"
4e55ba99f5d0a5952b51092e82c4d5e739173542,2629446,pcmcat143700050032,"iPhone av","2011-09-04 14:47:31.325","2011-09-04 14:47:11.301"
4e55bdccc38c8b8f797150fd7a0622025afd44a5,3487693,pcmcat209400050001,"3gs 32gb","2011-10-18 19:55:03.31","2011-10-18 19:53:30.726"
4e55bdccc38c8b8f797150fd7a0622025afd44a5,3487675,pcmcat209400050001,"3gs 32gb","2011-10-18 19:57:00.045","2011-10-18 19:53:30.726"
4e55d017e712ce533244fb85e843b1f592a79887,2809771,pcmcat209000050008,"galaxy tablet","2011-09-08 23:09:24.794","2011-09-08 23:07:13.023"
4e55d017e712ce533244fb85e843b1f592a79887,2842056,pcmcat209000050008,"galaxy tablet","2011-09-08 23:11:24.242","2011-09-08 23:07:13.023"
4e55d67c3a48090e39d31aaf0ae82ed37d30e467,3006342,pcmcat247400050000,Samsung,"2011-09-27 06:38:42.57","2011-09-27 06:36:16.412"
4e55d67c3a48090e39d31aaf0ae82ed37d30e467,3167208,pcmcat247400050000,Toshiba,"2011-09-27 07:05:37.258","2011-09-27 07:05:10.42"
4e55d67c3a48090e39d31aaf0ae82ed37d30e467,3504885,pcmcat247400050000,Sony,"2011-09-27 09:41:02.469","2011-09-27 09:36:18.407"
4e55d67c3a48090e39d31aaf0ae82ed37d30e467,1697102,pcmcat247400050000,DelL,"2011-09-27 09:45:11.32","2011-09-27 09:43:40.118"
4e56070b8a07c22668dc571bf26c45a849f9c5ff,17366501,cat02015,navigation,"2011-10-25 23:47:35.359","2011-10-25 23:46:51.704"
4e5609de2a3496b94e546466c90feae8f11e9645,2842092,pcmcat209000050008,"Hp touch pad","2011-08-22 19:12:03.065","2011-08-22 19:11:00.318"
4e560e74fc93bce4103ce3001e6c683dab185269,2925714,pcmcat247400050000,sony,"2011-09-21 21:40:32.49","2011-09-21 21:39:27.899"
4e5615b6f28daeb95b5f23c47f197455f9781385,2899318,pcmcat183800050007,"sony chargers","2011-08-31 16:24:47.486","2011-08-31 16:23:57.121"
4e561852144b39a0533d08a616f118b0b9d5b248,2009041,pcmcat233600050006,"Sony handycam sx85","2011-08-16 11:01:31.323","2011-08-16 11:00:56.197"
4e561b13af6933ef19371e976187ca29c2a64ef9,1034769,abcat0707001,"ds xl","2011-08-13 13:02:53.005","2011-08-13 13:02:32.669"
4e562b66fd80206fa49e8d0f1a3a03bd30c40b7e,9326749,abcat0911006,"Dyson dc28 animal","2011-09-07 12:11:13.761","2011-09-07 12:10:43.136"
4e562d8741cac0194eab465df217f6bbde2cf932,15507756,cat02015,empire,"2011-08-14 17:27:18.404","2011-08-14 17:26:43.578"
4e56323cd140cb8d0be094607690db364887436e,1200475,pcmcat209400050001,verizon,"2011-08-28 15:39:27.611","2011-08-28 15:36:38.675"
4e563e4605fb83882ad0ef8710aecd861fa30966,2925823,abcat0101001,"Led tv","2011-09-05 07:48:28.09","2011-09-05 07:47:29.269"
4e5652715264f0d854a844d2ca08d250b2f0a721,2033127,abcat0307024,converter,"2011-10-25 22:37:31.429","2011-10-25 22:36:58.624"
4e565cf1c84844002dfe82f517992f1bfbdfffed,3331636,abcat0106008,v-moda,"2011-10-19 23:26:35.46","2011-10-19 23:25:59.74"
4e567520a7e0d09cedfee064c4c35298d24a17e6,2304459,pcmcat223000050007,"Powered car sub","2011-08-21 21:21:58.965","2011-08-21 21:20:22.401"
4e5693de19f70b1c7dc2900dac7f4eab51acdaee,1486469,pcmcat180000050013,"Nikon D7000","2011-08-14 10:53:11.998","2011-08-14 10:52:36.565"
4e5693de19f70b1c7dc2900dac7f4eab51acdaee,1230707,pcmcat180400050000,"Nikon D7000","2011-08-14 10:54:52.729","2011-08-14 10:52:36.565"
4e56b31b2fe362ad64ad07df8988a210461d3e15,1324138,pcmcat156400050037,"unlocked phones","2011-09-25 01:30:02.155","2011-09-25 01:29:29.057"
4e56b31b2fe362ad64ad07df8988a210461d3e15,2311043,pcmcat156400050037,"unlocked phones","2011-09-25 01:31:22.221","2011-09-25 01:29:29.057"
4e56c41d08d4651b6804b877b90e909317be7ef0,2125876,pcmcat158900050018,"projector screens","2011-10-19 22:23:22.366","2011-10-19 22:22:49.823"
4e56d019bde315615ad136403c28e30b259377b0,8240085,abcat0915006,Shaver,"2011-10-21 09:25:09.572","2011-10-21 09:23:31.556"
4e56d7bfd43c935e80b0de83db2e0eb1a4955f0b,1199972,pcmcat186400050010,earphones,"2011-10-17 18:36:57.3","2011-10-17 18:36:08.007"
4e56d7bfd43c935e80b0de83db2e0eb1a4955f0b,9999165700050014,abcat0201009,earbuds,"2011-10-18 17:24:21.718","2011-10-18 17:23:52.893"
4e56d7bfd43c935e80b0de83db2e0eb1a4955f0b,1114791,pcmcat144700050004,"bose earbuds","2011-10-18 22:42:00.34","2011-10-18 22:41:39.724"
4e56d7bfd43c935e80b0de83db2e0eb1a4955f0b,9661379,pcmcat144700050004,"sennheiser earbuds","2011-10-18 22:45:23.36","2011-10-18 22:44:14.145"
4e56d7bfd43c935e80b0de83db2e0eb1a4955f0b,9647509,pcmcat144700050004,earbuds,"2011-10-19 16:25:50.055","2011-10-19 16:24:42.491"
4e56d7bfd43c935e80b0de83db2e0eb1a4955f0b,9661102,pcmcat143000050007,"sennheiser mx 680","2011-10-19 16:29:56.113","2011-10-19 16:29:44.44"
4e56dfa68c26446d1f428a0ffaba77db2af3932d,2932378,pcmcat193100050017,"Dark of the moon","2011-09-30 19:24:14.756","2011-09-30 19:20:51.758"
4e56e62b7fced0aca05caaaed46c379828a9f05d,1945595,pcmcat209000050007,"Apple iPad 2","2011-10-07 03:48:34.066","2011-10-07 03:44:53.849"
4e56f630fd7c71a386c81296e1bbb14b1c719159,3048064,pcmcat247400050000,Dell,"2011-08-13 11:10:01.002","2011-08-13 11:09:46.619"
4e56f630fd7c71a386c81296e1bbb14b1c719159,3047444,pcmcat247400050000,Dell,"2011-08-13 11:11:22.936","2011-08-13 11:09:46.619"
4e5701bf7d01a484e6b6c266053e9ebcd302631e,8258495,abcat0715015,wii,"2011-10-19 23:29:14.203","2011-10-19 23:28:52.353"
4e5701bf7d01a484e6b6c266053e9ebcd302631e,1272605,abcat0701012,"xbox live","2011-10-25 21:11:43.655","2011-10-25 21:11:04.303"
4e5701bf7d01a484e6b6c266053e9ebcd302631e,2578312,pcmcat211400050012,security,"2011-10-25 23:11:22.306","2011-10-25 23:10:21.278"
4e5701bf7d01a484e6b6c266053e9ebcd302631e,3247036,cat02015,mcafee,"2011-10-26 00:50:23.457","2011-10-26 00:49:48.403"
4e5705ff167fb9f617200c1cb25a4ff945f10102,1419569,abcat0701012,Xbox360,"2011-09-04 10:53:15.41","2011-09-04 10:52:30.159"
4e57062896f8cbc3607144935a3914d0d3638f57,9442258,abcat0410001,"Camera shoulder bag","2011-10-11 13:25:32.83","2011-10-11 13:22:57.106"
4e571019539b834ed7a34e4d32c1f4776e929127,1088064,abcat0107040,"Universal remote control","2011-09-24 18:37:13.694","2011-09-24 18:33:54.556"
4e571019539b834ed7a34e4d32c1f4776e929127,1088116,abcat0107040,"Universal remote control","2011-09-24 18:38:01.285","2011-09-24 18:33:54.556"
4e571019539b834ed7a34e4d32c1f4776e929127,9405976,abcat0107040,"Universal remote control","2011-09-24 18:38:28.413","2011-09-24 18:33:54.556"
4e571019539b834ed7a34e4d32c1f4776e929127,2305716,abcat0107040,"Universal remote control","2011-09-24 18:38:44.153","2011-09-24 18:33:54.556"
4e5724d530e38e1468da54501c57176030a7885a,2965074,pcmcat242600050001,"Time capsule","2011-10-10 15:22:59.025","2011-10-10 15:22:12.49"
4e573ab7ef7b292203771cfe2178dc70da67bfda,7332059,abcat0513004,"Apple keyboard","2011-09-01 12:16:35.033","2011-09-01 12:15:52.831"
4e574b3b141271b5dea5d5ac3f8b11584f7effd0,2737269,abcat0703002,"resident evil","2011-09-22 19:10:28.639","2011-09-22 19:10:05.452"
4e574b3b141271b5dea5d5ac3f8b11584f7effd0,2550164,cat02015,"resident evil","2011-09-22 19:10:52.39","2011-09-22 19:10:05.452"
4e574b3b141271b5dea5d5ac3f8b11584f7effd0,2121582,abcat0101001,"resident evil","2011-09-22 19:11:49.339","2011-09-22 19:10:05.452"
4e574b3b141271b5dea5d5ac3f8b11584f7effd0,9770697,pcmcat167300050040,"resident evil","2011-09-22 19:13:46.352","2011-09-22 19:10:05.452"
4e574b3b141271b5dea5d5ac3f8b11584f7effd0,9770715,pcmcat167300050040,"resident evil","2011-09-22 19:14:07.309","2011-09-22 19:10:05.452"
4e574b3b141271b5dea5d5ac3f8b11584f7effd0,2863978,cat02015,"dark moon blu ray transformers","2011-10-09 21:44:21.463","2011-10-09 21:43:06.352"
4e57513d11ff4f58a49dc10a93d7fc7d88eed924,1281509,pcmcat171900050023,powermat,"2011-08-13 08:14:21.766","2011-08-13 08:13:55.615"
4e575171fd8c8f3707c363fefd267c8d330bfcbd,3247045,cat02015,transformers,"2011-09-27 21:33:44.49","2011-09-27 21:33:36.619"
4e575a27a729cb2e69ae0ee3a5b3e5eb7376d884,9751265,pcmcat230800050019,sennheiser,"2011-10-19 22:50:49.979","2011-10-19 22:49:41.417"
4e575cf1434c0d87d10a212f546275ff615d026f,3209161,cat02015,"its always sunny","2011-09-11 13:19:13.298","2011-09-11 13:18:09.127"
4e5774b2b6f5ae5d4efacce88b3b7b90bb13c402,9892921,abcat0302037,"8 inch subwoofer","2011-10-09 14:01:58.846","2011-10-09 14:01:11.375"
4e5779a0fa0da09c0431e2c0ce4a09f409e1c0f1,2225047,abcat0503002,Router,"2011-10-28 22:24:04.308","2011-10-28 22:22:53.086"
4e577e8760a1327d66f29d75df2d2ae2760ef710,2266061,pcmcat214700050000,"iPhone phone cases","2011-08-23 11:41:16.104","2011-08-23 11:39:38.956"
4e579b5848d98808ecba78452681f921fb0ac800,2047641,abcat0101001,"lcd tv","2011-09-19 06:30:56.975","2011-09-19 06:30:50.49"
4e57a09a180a4e9fe0afd322ae2bbb3f4b12ea5a,1980124,pcmcat180400050000,"Canon rebel camera","2011-08-17 22:04:04.006","2011-08-17 22:02:18.738"
4e57a800c2f5d950996feccd3b639d2cc0457b8f,1250837,abcat0205007,"Samsung sound bar","2011-08-12 08:49:39.532","2011-08-12 08:49:01.996"
4e57b23723d01a1c580013399b9ecb9989ba2084,2701485,abcat0401004,LaborDay_CameraCamcorder_20110902,"2011-09-05 19:43:59.556","2011-09-05 19:40:48.829"
4e57bb7cd34697fb56825f83cf9b4422dda7f2e7,1358559,abcat0107020,"HDMI cable","2011-09-21 02:55:05.5","2011-09-21 02:53:22.797"
4e57bb7cd34697fb56825f83cf9b4422dda7f2e7,1918265,pcmcat209000050007,"iPad 2","2011-09-26 20:46:33.36","2011-09-26 20:45:35.814"
4e57c17d056242ade29cc5bbe45a3cb983a804a8,2842056,pcmcat209000050008,"dell laptop with camera","2011-09-02 20:52:08.304","2011-09-02 20:51:56.463"
4e57e93592ea96ef9739a465d0f187cea79fe1ad,2135081,abcat0101001,"Plasma tv","2011-10-25 19:40:01.107","2011-10-25 19:38:20.798"
4e57eba290fd48b25170efa54132e785e715f8bf,2420068,abcat0401004,"kodak digital camara","2011-10-09 15:26:29.046","2011-10-09 15:25:11.095"
4e57f9b521e6eaae8b9d23d520e30f932a60c821,2138291,abcat0101001,"2622037 2127204 2127213 2121716 2138291","2011-10-08 12:02:30.597","2011-10-08 12:02:04.798"
4e580600961a0330f3ec15a2fa2ffe767dc86b69,2560082,pcmcat247400050000,laptops,"2011-08-29 14:28:53.08","2011-08-29 14:26:06.711"
4e58141f050293b36196246b447a49885e907c39,1535836,pcmcat247400050001,Laptop,"2011-09-24 06:07:36.004","2011-09-24 06:05:01.961"
4e58141f050293b36196246b447a49885e907c39,2670837,pcmcat247400050000,Laptop,"2011-09-24 06:08:25.3","2011-09-24 06:05:01.961"
4e58141f050293b36196246b447a49885e907c39,3441067,pcmcat247400050000,Dv6-6145dx,"2011-10-14 15:51:59.222","2011-10-14 15:51:25.18"
4e58182d2f077f54a46337d282cdd2665c88ee34,2594725,abcat0301014,1350lmt,"2011-10-27 17:07:11.997","2011-10-27 17:06:26.595"
4e583b9efec69a41b208990f6451fca7d9f2d90a,2061086,abcat0401004,"sony digital camera","2011-10-25 22:55:46.588","2011-10-25 22:55:19.504"
4e584ac771ac808f45b799319c098ff601204271,2127443,abcat0101001,hdtv,"2011-10-06 23:10:46.763","2011-10-06 23:10:39.997"
4e586c15d52cff177e39a6c92376f4a383db4879,2821791,pcmcat247400050000,"hp dv7 6185","2011-09-18 17:35:49.887","2011-09-18 17:35:17.705"
4e586c15d52cff177e39a6c92376f4a383db4879,2821755,pcmcat247400050000,"hp dv7 6195","2011-09-18 17:37:53.091","2011-09-18 17:37:48.193"
4e5872ddadba2b11c8242a151c111bd33f1d7452,3745943,abcat0504008,plextor,"2011-10-25 22:50:39.175","2011-10-25 22:50:09.391"
4e5877cb958d953407eb1b6ea05cd9482fba37ea,1407325,abcat0811003,Jsmbox,"2011-10-01 15:13:04.458","2011-10-01 15:11:59.695"
4e588dbb32de623898fc3f97662e3afc6b83df53,6884008,cat02015,dyson,"2011-10-19 22:44:34.413","2011-10-19 22:43:52.425"
4e5893c49043deb1080cf1350b238da6503d1bdf,9783676,abcat0101001,Tc-l42u22,"2011-08-30 18:58:42.14","2011-08-30 18:58:13.683"
4e5893c49043deb1080cf1350b238da6503d1bdf,2097053,abcat0101001,Tc-l42u22,"2011-08-31 12:57:59.513","2011-08-31 12:56:11.783"
4e58942891191995523659218a8a68ab77e46305,3396395,pcmcat165900050054,"iPad case","2011-10-13 06:24:47.31","2011-10-13 06:23:22.414"
4e58942891191995523659218a8a68ab77e46305,2490083,pcmcat218000050000,"iPad 2 cases","2011-10-16 21:49:42.305","2011-10-16 21:49:06.192"
4e58942891191995523659218a8a68ab77e46305,2824421,pcmcat218000050000,"iPad 2 cases","2011-10-16 21:51:44.464","2011-10-16 21:49:06.192"
4e58942891191995523659218a8a68ab77e46305,3216383,pcmcat218000050000,"iPad 2 cases","2011-10-16 21:52:46.985","2011-10-16 21:49:06.192"
4e58942891191995523659218a8a68ab77e46305,2339322,pcmcat209000050007,"Ipad2 white 16gb","2011-10-21 10:57:25.642","2011-10-21 10:56:16.357"
4e5897d13a14564f713b484fc932f08b8e957ee2,9911636,pcmcat232900050029,"Xbox console","2011-09-06 18:52:12.861","2011-09-06 18:50:54.135"
4e589fdcbfb5292f77f2e247b1262cf71802baad,9706727,abcat0106001,Furniture,"2011-10-20 12:27:27.176","2011-10-20 12:26:00.955"
4e58a0341499b4d8eeb50c3d71ae4cf0419e29fb,2794138,pcmcat247400050000,"Sony vaio","2011-08-28 20:30:51.475","2011-08-28 20:30:04.123"
4e58aaf0a63eab2816a715cc82f32e29f20c3ef7,2317171,abcat0914000,"NOAA radio","2011-08-25 08:34:24.685","2011-08-25 08:32:43.158"
4e58c65cec3e069ed78c8907c6cda25626c9770a,9485283,cat02685,"dvd drive","2011-10-25 23:17:45.715","2011-10-25 23:17:24.6"
4e58d36f373c6d0a561e032dff480775ccf8ba6b,3900684,abcat0901002,"dvd rack","2011-10-06 23:53:33.72","2011-10-06 23:53:19.641"
4e58e33a1b6f08d81cc02db063aa5f5705fe6c45,7028735,cat02009,employment,"2011-10-25 23:45:13.886","2011-10-25 23:44:36.041"
4e58e6e685b3d77e6b671ae44198e2c83ec3d491,3061302,abcat0703001,"Ps3 console","2011-10-28 21:20:03.44","2011-10-28 21:19:26.842"
4e58e6e685b3d77e6b671ae44198e2c83ec3d491,1162184,abcat0701001,"Xbox 360 console","2011-10-28 21:27:59.271","2011-10-28 21:26:51.067"
4e58fad85029b6e99b88c9ac8c6618eeaea67160,2343227,pcmcat218000050000,"ipad smart cases","2011-10-10 21:20:36.004","2011-10-10 21:18:30.391"
4e59248ce96dd3087f5425d9ae4a8f1f40458513,9317713,pcmcat139300050000,Roxio,"2011-10-02 22:07:30.007","2011-10-02 22:06:55.358"
4e592e35143b6e9d2b0f213ffe5bf62f725507bc,2548423,abcat0703002,"Virtua tennis 4","2011-09-04 00:29:40.021","2011-09-04 00:29:08.418"
4e592e35143b6e9d2b0f213ffe5bf62f725507bc,2496342,pcmcat209400050001,"Xperia play","2011-09-10 10:57:59.837","2011-09-10 10:57:54.707"
4e592e35143b6e9d2b0f213ffe5bf62f725507bc,3604393,abcat0503012,TL-WR1043ND,"2011-10-17 10:14:04.077","2011-10-17 10:13:56.016"
4e59317cae000eaa242fb59d326f5ddf0eba1c55,9952814,pcmcat201900050009,htc,"2011-10-17 10:43:15.195","2011-10-17 10:42:23.255"
4e59317cae000eaa242fb59d326f5ddf0eba1c55,2390524,pcmcat209000050008,"htc flyer","2011-10-26 12:11:56.903","2011-10-26 12:11:23.627"
4e59317cae000eaa242fb59d326f5ddf0eba1c55,3207039,abcat0511004,"epson printer","2011-10-30 17:45:52.565","2011-10-30 17:45:31.534"
4e59317cae000eaa242fb59d326f5ddf0eba1c55,3071444,abcat0511004,"epson printer","2011-10-30 17:46:18.429","2011-10-30 17:45:31.534"
4e59357477b4da4c4e18dcbdcc3862ebc9e1dea9,3244145,cat02015,"dragon ball z kai","2011-10-27 13:28:52.742","2011-10-27 13:27:53.663"
4e594ee6d1f60a92973369c8175bd49001c166fb,9845563,abcat0201011,"I pod shuffle","2011-10-06 19:50:16.346","2011-10-06 19:46:31.348"
4e595711bd491ad37f0d053e256b254e87fe92a5,9244828,pcmcat144700050004,"Jvc marshmallow","2011-09-10 16:24:21.984","2011-09-10 16:24:15.044"
4e595711bd491ad37f0d053e256b254e87fe92a5,9084206,pcmcat144700050004,"Jvc marshmallow","2011-09-10 16:26:08.951","2011-09-10 16:24:15.044"
4e595711bd491ad37f0d053e256b254e87fe92a5,1114791,pcmcat144700050004,"Jvc marshmallow","2011-09-10 16:27:27.861","2011-09-10 16:24:15.044"
4e595711bd491ad37f0d053e256b254e87fe92a5,9492426,pcmcat143000050007,"Jvc marshmallow","2011-09-10 16:28:17.828","2011-09-10 16:24:15.044"
4e595711bd491ad37f0d053e256b254e87fe92a5,9637027,pcmcat143000050011,"Wireless headphone","2011-09-10 16:32:28.448","2011-09-10 16:32:03.618"
4e595711bd491ad37f0d053e256b254e87fe92a5,2873059,abcat0701001,"Xbox 360 console","2011-09-17 12:57:24.486","2011-09-17 12:57:18.251"
4e595ca5bb1bbaf9fed0176375b40b75b0ae8d24,2836702,pcmcat193100050014,Nook,"2011-09-06 14:02:06.099","2011-09-06 14:01:27.06"
4e595ca5bb1bbaf9fed0176375b40b75b0ae8d24,1269007,pcmcat229100050004,"Nook case","2011-09-06 14:10:37.713","2011-09-06 14:09:23.331"
4e595ca5bb1bbaf9fed0176375b40b75b0ae8d24,2904514,abcat0507009,"Corsair power supply","2011-10-13 13:00:05.703","2011-10-13 12:58:57.652"
4e595ca5bb1bbaf9fed0176375b40b75b0ae8d24,2193311,abcat0507009,"Corsair power supply","2011-10-13 13:00:58.087","2011-10-13 12:58:57.652"
4e595ca5bb1bbaf9fed0176375b40b75b0ae8d24,2193302,abcat0507009,"Corsair power supply","2011-10-13 13:01:23.085","2011-10-13 12:58:57.652"
4e5960ef574b221e62a0f3ace0e546cd495294dd,9175082,abcat0705001,Psp,"2011-10-01 16:00:03.979","2011-10-01 15:58:20.749"
4e5963e0acfd6f6cf0f67cb6959cf7823e295e2e,1443422,abcat0706002,"dance dance revolution","2011-10-17 13:40:33.928","2011-10-17 13:39:05.093"
4e59655f587d1af6adad73194cdd739e1b826426,9755322,pcmcat247400050001,"Apple laptop","2011-09-28 12:03:38","2011-09-28 12:03:07.251"
4e597829e60458c91311258b5e344c293692c35c,4660726,cat02673,ozzy,"2011-10-20 00:24:50.462","2011-10-20 00:24:11.587"
4e5987d20ddcbc6f86e9e5916704d44f8f399c1b,9888033,abcat0706002,"green day","2011-10-06 23:34:48.529","2011-10-06 23:34:34.701"
4e598b4f885bc14d7b57edd8ce09dee984c96253,3591033,pcmcat147700050012,"xbox Bluetooth","2011-10-14 13:18:08.736","2011-10-14 13:16:41.104"
4e598d2c099d9c383448f77e484d3e765b69c1ac,9755395,pcmcat247400050001,"MacBook pro","2011-10-25 15:53:14.678","2011-10-25 15:52:44.965"
4e5996ea24f55290a02cb2ff5b25bbd00df56fec,19193431,cat02015,"Convoy dvd","2011-09-16 13:48:45.427","2011-09-16 13:48:14.414"
4e59986ce8f631a15ed973a130a01090eac29831,9359963,abcat0506001,"Ram memory ddr2","2011-09-21 19:53:53.154","2011-09-21 19:52:46.375"
4e59a0961b8b5b31d503e6e1bc61f838c01e5991,2658077,pcmcat190000050013,"apple desk top computers","2011-10-06 22:28:39.404","2011-10-06 22:26:27.966"
4e59a7c915bdcab7d49e56fdc5d2bcca6be80699,2925077,pcmcat242000050005,"Toshiba thrive","2011-08-15 13:58:04.09","2011-08-15 13:56:58.063"
4e59ac0b4aecee2966c3dd033eac67fc96e6ee5d,9206548,pcmcat185400050003,"Walkie talkie","2011-10-06 14:40:22.752","2011-10-06 14:39:48.182"
4e59ac0b4aecee2966c3dd033eac67fc96e6ee5d,9206968,pcmcat185400050003,"Walkie talkie","2011-10-06 14:40:59.834","2011-10-06 14:39:48.182"
4e59ac0b4aecee2966c3dd033eac67fc96e6ee5d,9905229,pcmcat185400050003,"Walkie talkie","2011-10-06 14:41:42.898","2011-10-06 14:39:48.182"
4e59ac5f4421a719d4228b73f5175b2dcbfe26a9,8339274,abcat0503011,pcmcia,"2011-10-25 22:53:13.611","2011-10-25 22:52:49.105"
4e59ad1e975bd380282dd1eda315ffd486fc8e27,3487784,pcmcat209400050001,"Iphone 4s","2011-10-12 18:51:17.163","2011-10-12 18:49:04.115"
4e59b9760945fe7147a60def9cad03efb04f6e12,9999161600050001,abcat0910002,9999*,"2011-08-13 10:15:28.182","2011-08-13 10:15:02.68"
4e59b9760945fe7147a60def9cad03efb04f6e12,1196596,pcmcat168000050031,1196596,"2011-09-16 01:28:39.567","2011-09-16 01:28:35.208"
4e59b9760945fe7147a60def9cad03efb04f6e12,9739898,abcat0910002,9739898,"2011-09-21 08:55:55.903","2011-09-21 08:55:52.411"
4e59b9760945fe7147a60def9cad03efb04f6e12,3385235,cat02015,),"2011-09-23 07:31:17.84","2011-09-23 07:30:43.181"
4e59b9760945fe7147a60def9cad03efb04f6e12,1972853,abcat0703002,sony,"2011-09-30 06:31:15.18","2011-09-30 06:31:06.886"
4e59b9760945fe7147a60def9cad03efb04f6e12,8782533,pcmcat147700050016,sony,"2011-09-30 08:01:20.204","2011-09-30 08:01:14.195"
4e59badcdd522dbe0532afdf01a20cb7aee7abee,7338776,pcmcat143700050032,"iPhone hdmi","2011-10-01 18:18:33.971","2011-10-01 18:16:54.024"
4e59d42ef937d3e35e41916b46842f02799954bf,2842092,pcmcat209000050008,"HP touchpad","2011-09-06 16:53:00.521","2011-09-06 16:52:31.156"
4e59e297f215d18d3f940cbf4121167d06670f9a,9999150900050000,abcat0701001,"xbox kinect bundle","2011-10-21 13:22:20.568","2011-10-21 13:20:41.862"
4e5a2fd2cbf6abf728760dc0dc502d13f52f03e9,1945531,pcmcat209000050007,Ipad2,"2011-10-15 07:44:01.189","2011-10-15 07:43:19.494"
4e5a4934c0e34d7a58e2932365d63a5a6eba914d,3220085,cat02015,"Everything must go","2011-09-04 23:20:55.966","2011-09-04 23:20:42.891"
4e5a517620d0285148da27e8978a088e9e580b44,9846905,abcat0903001,"ge microwave","2011-09-01 13:20:51.779","2011-09-01 13:18:04.005"
4e5a517a909750e7477099f6b9a1e0dcde9ea81f,3196078,pcmcat190200050028,"psp console","2011-09-04 21:43:13.758","2011-09-04 21:42:59.794"
4e5a63fcda16a07e3f8dfb7b9fd04b06e6af3016,2658101,pcmcat200200050000,iMac,"2011-10-28 21:07:25.583","2011-10-28 21:06:36.394"
4e5a700573d6988b752083f0945c8524424cf681,1550573,abcat0515039,"Harman kardon","2011-08-17 08:29:44.698","2011-08-17 08:29:14.967"
4e5a7857dfcb01f9b2c065975ab3c28980e393b0,2424213,pcmcat214000050004,"cameras olympus waterproof","2011-10-19 10:27:42.092","2011-10-19 10:26:54.025"
4e5a83ebf131492f4bf47047ab590285c6976482,2008158,abcat0101001,"46 samsung","2011-10-08 15:24:57.922","2011-10-08 15:22:49.086"
4e5a86e5f26d7dea765ef0c57e7eaa2cfac576d0,1623912,pcmcat247400050000,LaborDay_Computers_20110902,"2011-09-02 19:07:34.799","2011-09-02 19:07:03.515"
4e5ac6a567cfbe83e6e76767f09df9d8d651784d,8928985,pcmcat180000050013,D700,"2011-08-11 15:59:27.966","2011-08-11 15:57:32.579"
4e5ae2c02bedf8090968586c16e0ab34937016d5,2266089,pcmcat214700050000,Otterbox,"2011-10-24 20:27:05.403","2011-10-24 20:24:57.38"
4e5ae991df513b53d8883503a5e7c4ef6da97e57,8909595,pcmcat189600050007,"western digital black caviar","2011-10-22 00:28:31.6","2011-10-22 00:27:17.494"
4e5b354ae2fa18b9e920f362de50782d6840745c,2553883,pcmcat180000050013,D5100,"2011-10-11 00:59:19.055","2011-10-11 00:58:24.116"
4e5b40d5ec7073cf0813e8955e2a1347aa491910,9291795,pcmcat175600050011,"wireless USB","2011-08-30 09:55:42.411","2011-08-30 09:54:54.765"
4e5b5f58c73073a6b639e37af92875dbdf4e9108,2663006,pcmcat242000050003,"asus transformer","2011-10-23 17:18:49.359","2011-10-23 17:17:58.796"
4e5b620f95e38cde136115fb60b4223dce215834,1432551,pcmcat144700050004,"computer speakers","2011-10-25 23:33:39.649","2011-10-25 23:32:58.213"
4e5b672fd29f3dd8649ab58b7a92087029f3260d,9755322,pcmcat247400050001,Apple,"2011-08-14 03:37:11.226","2011-08-14 03:32:44.593"
4e5b6f828d0b97ee07b68a3882ea0edf1e8d0613,1972853,abcat0703002,"team ico collection","2011-09-08 19:49:18.147","2011-09-08 19:47:46.65"
4e5b7c9bf3329df884b98dba835f9710b40f46bc,9594824,abcat0915015,pedometer,"2011-10-26 00:05:48.397","2011-10-26 00:05:33.242"
4e5b8f6e31368eb959ae2653ba146be9ff61c270,2842056,pcmcat209000050008,"Ho touchpad","2011-08-21 15:56:46.022","2011-08-21 15:56:27.394"
4e5ba2e906d84194fe371128b6944eff2f320632,2775261,pcmcat209000050008,"samsung galaxy tab","2011-10-24 20:50:36.149","2011-10-24 20:48:25.691"
4e5babc79dbf17fba0cce5300ea153ce19c80955,8781428,pcmcat142500050011,"bluetooth adapter","2011-10-26 00:16:30.001","2011-10-26 00:15:48.703"
4e5bcbbf541261431855e30261a9b7fb7c910725,1723471,pcmcat196400050015,"gas ranges","2011-08-19 16:54:05.772","2011-08-19 16:53:17.032"
4e5bdfe95b3b8c320af0c044810315434bd4bd9a,2389304,pcmcat180000050013,LaborDay_CameraCamcorder_20110902,"2011-09-04 17:11:07.243","2011-09-04 17:07:32.694"
4e5be127380b74ad022335a4fb0ad8fea6efd510,1092403,abcat0703002,"Driver ps3","2011-10-25 20:00:31.551","2011-10-25 20:00:22.599"
4e5c13aea5e757cb8b20d62e04441a9af7be15be,2989098,abcat0208011,"clock radio","2011-10-20 00:06:36.191","2011-10-20 00:05:42.562"
4e5c22d9c34428b1d22b6749589983daa4648698,9724341,cat02015,"All star comedy jam","2011-09-20 12:21:09.547","2011-09-20 12:19:56.141"
4e5c33c90f84ad0273b6788a7686ae3c6a480da4,2068098,cat02015,"3d blue ray movies","2011-10-08 12:28:29.073","2011-10-08 12:26:15.296"
4e5c4b16c4544baf3dd5d5a092b6abb1c273aff7,1303056,abcat0508009,"Microsoft office student","2011-09-07 20:48:45.807","2011-09-07 20:48:39.666"
4e5c4b16c4544baf3dd5d5a092b6abb1c273aff7,2842056,pcmcat209000050008,"Blackberry playbook","2011-09-30 23:35:32.69","2011-09-30 23:34:56.418"
4e5c4c999ecfe224ca456cbf1660496a83186aeb,9216387,pcmcat165900050045,"samsung dlp","2011-10-06 23:38:22.465","2011-10-06 23:38:13.111"
4e5c54bf8a43f2c8fe191648dc4f1d5e7f1b3ba4,2390524,pcmcat209000050008,"HTC flyer","2011-10-04 22:48:40.611","2011-10-04 22:47:57.757"
4e5c5b09df2c0777d46692cc0f2d19199f251b31,9705673,pcmcat246100050002,Bluetooth,"2011-08-11 12:24:34.917","2011-08-11 12:23:48.836"
4e5c5c89dc4872a2614c9fac7ebd1f4acb4eb0ba,1945595,pcmcat209000050007,"IPad 2","2011-10-27 20:23:45.545","2011-10-27 20:22:36.489"
4e5c5c89dc4872a2614c9fac7ebd1f4acb4eb0ba,9755322,pcmcat247400050001,MacBook,"2011-10-27 20:26:32.686","2011-10-27 20:26:21.013"
4e5c5c89dc4872a2614c9fac7ebd1f4acb4eb0ba,1535836,pcmcat247400050001,MacBook,"2011-10-27 20:27:08.848","2011-10-27 20:26:21.013"
4e5c5c89dc4872a2614c9fac7ebd1f4acb4eb0ba,1535918,pcmcat247400050001,LaptopS,"2011-10-27 20:30:25.941","2011-10-27 20:30:02.944"
4e5c7187f4d3e5266e7e0f934034770f34ee05e8,1074787,pcmcat186100050006,"Wireless external hard drive","2011-10-31 02:22:10.741","2011-10-31 02:20:58.159"
4e5c7187f4d3e5266e7e0f934034770f34ee05e8,8791319,pcmcat161100050044,"Network sharing","2011-10-31 02:36:43.433","2011-10-31 02:35:12.149"
4e5c85bd05e7935c601e65f58f94d48281f351ff,1767192,pcmcat152100050026,"Protools software","2011-09-21 07:11:16.58","2011-09-21 07:10:10.387"
4e5c85bd05e7935c601e65f58f94d48281f351ff,1767165,pcmcat152100050026,"Protools software","2011-09-21 07:13:02.442","2011-09-21 07:10:10.387"
4e5c88c2d61ab447792bc3ea012a735ecce462d2,3415346,cat02015,halloween,"2011-09-16 17:34:03.932","2011-09-16 17:33:51.841"
4e5c898e613f23dbe5c6dbaf6d638b697f39994b,2842056,pcmcat209000050008,tablet,"2011-08-31 18:29:46.152","2011-08-31 18:28:44.531"
4e5c898e613f23dbe5c6dbaf6d638b697f39994b,1853531,pcmcat164200050013,"toshiba netbook","2011-10-07 15:55:32.147","2011-10-07 15:51:27.791"
4e5c9f9daa24f3f4cabc7abe0e2c8049fa55486a,1200475,pcmcat209400050001,ColumbusDay_MobilePhones_20111009,"2011-10-09 11:38:06.702","2011-10-09 11:37:48.086"
4e5ca9cffea5372b4cb1fa869b1baa710ba28a26,9693768,cat02015,"the game tv show","2011-08-12 16:53:44.489","2011-08-12 16:53:10.356"
4e5cbc88e4905512e992f79be30659e04744073c,1036858,abcat0715002,Kinetc,"2011-10-29 08:12:06.353","2011-10-29 08:09:08.481"
4e5cc3534760ce7157eeaac2b3c58ac801ad182d,2300348,abcat0504010,"flash drive","2011-10-07 00:03:37.393","2011-10-07 00:03:26.582"
4e5cc91d5537ff66c5efcfedf93859c98c391ef0,7458342,cat02015,"psp movies","2011-10-25 23:28:44.259","2011-10-25 23:28:26.792"
4e5cd0b6257435a8d2a676e1e1183da4bde596c4,2146553,abcat0101001,Samsung,"2011-10-07 00:51:38.747","2011-10-07 00:50:15.223"
